;id;traffic_sign_code;extra_text;traffic_sign_description;date_installed;locatie_x;locatie_y
0;407891;F49;;Pedestrian crossing;06/04/2046;88333.652;167341.615
3;2336848;C9-C11 | B9 | C19 | C43;Neen,50;Priority road|Pedestrians prohibited|Speed limit;01/01/2050;149472.594;199430.312
4;2336852;B9 | A1d | GIa | C43;m,50|Neen,50;Priority road|Right curve followed by left curve|Speed limit;01/01/2050;149442.438;199403.5
5;2336855;C9-C11 | C19;;Pedestrians prohibited;01/01/2050;149446.812;199405.562
6;2336858;B1;;Give way;01/01/2050;149456.625;199405.938
9;2692050;B1;;Give way;10/01/2022;106465.562;192172.219
12;2692332;F12b;;End of Living street;10/01/2022;105631.199;192789.474
17;2692449;B1;;Give way;10/01/2022;106073.767;191620.931
21;2692465;B1;;Give way;10/01/2022;106071.584;191615.507
24;2692483;B1;;Give way;10/01/2022;106070.129;191620.27
26;2692490;F49 | F50;;Pedestrian crossing|Bicycle crossing;10/01/2022;106062.317;191618.577
28;2692492;B1;;Give way;10/01/2022;106089.704;191610.06
30;2692506;B1 | M10 | F4b;;Give way|End of speed limit zone;10/01/2022;106086.748;191601.659
51;2692736;F12a;;Living street;11/01/2022;150089.094;224517.312
55;2692872;F4b | B1;;End of speed limit zone|Give way;11/01/2022;105204.199;191315.516
59;2692906;B1;;Give way;10/01/2022;106072.318;191626.145
61;2692912;F4b;;End of speed limit zone;10/01/2022;106003.501;191671.298
63;2692918;B1 | M10 Klein | F4b;;Give way|End of speed limit zone;10/01/2022;106062.756;191638.27
64;2692924;B1;;Give way;10/01/2022;106106.243;191596.987
65;2692926;F4a | D7;;Speed limit zone;10/01/2022;106066.524;191635.643
70;2693070;F4b;;End of speed limit zone;12/01/2022;150212.27;224982.76
73;2693111;C3;;All vehicles prohibited;12/01/2022;81329.01;174986.63
74;2693248;F4a;;Speed limit zone;10/01/2022;108230.005;195374.865
79;2694018;B1;;Give way;12/01/2022;68383.445;181126.115
81;2694281;B1;;Give way;10/01/2022;106125.683;191603.015
83;2694289;B1;;Give way;10/01/2022;106067.75;191639.825
86;2694297;B1;;Give way;10/01/2022;106089.704;191610.06
89;2694308;B1 | F4b;;Give way|End of speed limit zone;10/01/2022;106112.96;191602.143
90;2694310;F49 | F50;;Pedestrian crossing|Bicycle crossing;10/01/2022;106075.467;191624.689
91;2694311;F4a;;Speed limit zone;10/01/2022;106014.63;191670.56
93;2694329;C1;;One-way street;10/01/2022;106002.597;191652.405
95;2694936;C1;;One-way street;10/01/2022;103884.702;194505.51
99;2694968;B1 | F4b;;Give way|End of speed limit zone;10/01/2022;108240.412;198983.349
106;2694988;B1 | F4b;;Give way|End of speed limit zone;10/01/2022;108360.383;198938.689
107;2694990;F12b;;End of Living street;10/01/2022;107553.192;199124.54
109;2694996;B1 | F4b;;Give way|End of speed limit zone;10/01/2022;107965.227;198999.353
110;2695000;B1 | F4b;;Give way|End of speed limit zone;10/01/2022;108162.659;198954.56
112;2695004;B1 | F4b;;Give way|End of speed limit zone;10/01/2022;108018.158;198957.474
115;2695079;F4b;;End of speed limit zone;10/01/2022;104250.798;198196.316
119;2695191;B1 | F13;;Give way;10/01/2022;102787.067;191104.601
121;2695743;F4a | D7 | M7;;Speed limit zone|Mopeds Class B forbidden on cycleway;11/01/2022;103919.71;194614.684
123;2695861;F27 | F49;S343,A49;Pedestrian crossing;11/01/2022;103843.406;194453.406
127;2697620;F4a | D7 | M7;;Speed limit zone|Mopeds Class B forbidden on cycleway;11/01/2022;103919.71;194614.684
129;2697739;B9 | F19 | F13;;Priority road|One-way street;11/01/2022;103816.765;194470.986
130;2697767;B9 | F19;;Priority road|One-way street;10/01/2022;103863.664;194469.506
132;2697906;C1 | M12;;One-way street;10/01/2022;105978.167;191645.898
133;2699539;B1;;Give way;10/01/2022;99321.156;194216.375
146;2710813;A25;;Bicycle crossing;11/01/2022;67478.83;178949.09
151;2715989;F4a;;Speed limit zone;08/02/2022;101875.03;213551.56
152;2715992;F4b;;End of speed limit zone;08/02/2022;101874.91;213550.12
153;2715993;F4b;;End of speed limit zone;08/02/2022;101623.77;213486.53
156;2716003;M12 | GIV | C3;Tekst,UITGEZONDERD PLAATSELIJK VERKEER;All vehicles prohibited;08/02/2022;95717.16;214125.11
160;2716032;M12 | GIV | C3;Tekst,UITGEZONDERD PLAATSELIJK VERKEER;All vehicles prohibited;08/02/2022;95003.45;212918.58
161;2716078;GIV | C3;Tekst,UITGEZONDERD BEWONERS;All vehicles prohibited;08/02/2022;50318.963;171503.515
165;2716512;F45b;;No exit, except for bicycle;08/02/2022;63718.156;185050.904
167;2716521;B1;;Give way;08/02/2022;63495.489;185113.255
168;2716530;A39;;Bidirectional traffic;08/02/2022;63951.114;185003.942
169;2716545;B1 | M3 | C31b | M10;;Give way|Except for bicycles and mopeds;08/02/2022;63896.864;185032.942
170;2716547;B1 | M10;;Give way;08/02/2022;63909.765;185015.181
172;2716566;M3 | B15c | C31a;;Except for bicycles and mopeds;08/02/2022;63748.48;185052.706
175;2716608;F19 | M5;;One-way street|Not oneway for bicycles and mofas;08/02/2022;62970.81;183774.68
180;2716623;C1 | M3;;One-way street|Except for bicycles and mopeds;08/02/2022;62979.94;183768.22
181;2716629;F19 | M5;;One-way street|Not oneway for bicycles and mofas;08/02/2022;62996.61;183776.46
182;2716631;M5 | F19;;Not oneway for bicycles and mofas|One-way street;08/02/2022;63024.9;183773.59
183;2716634;M8 | B1;;Only for bicycles and mofas|Give way;08/02/2022;63023.46;183767.68
184;2716644;GXa | C3 | GIV | E1;Tekst,UITGEZONDERD PLAATSELIJK VERKEER;All vehicles prohibited|No Parking;08/02/2022;63003.46;183776.06
185;2716661;GXa | E1 | GIV | C3;Tekst,UITGEZONDERD PLAATSELIJK VERKEER;No Parking|All vehicles prohibited;08/02/2022;62999.71;183927.45
186;2716665;GXb | D1f | M3 | E1;;Except for bicycles and mopeds|No Parking;08/02/2022;63005.59;183927.49
187;2716667;M3 | C1;;Except for bicycles and mopeds|One-way street;08/02/2022;62992.25;183941.49
190;2716679;D1f | B1;;Give way;08/02/2022;63028.93;183939.49
191;2716721;B1;;Give way;08/02/2022;234411.225;202895.672
194;2716929;M3 | C31a;;Except for bicycles and mopeds;08/02/2022;62601.83;183037.52
195;2716941;M2 | GIV | C3;Tekst,UITGEZONDERD DIENSTEN;Except for bicycles|All vehicles prohibited;08/02/2022;62603.44;183115.0
196;2716963;F4a;;Speed limit zone;08/02/2022;61708.003;183513.562
197;2716969;F4b;;End of speed limit zone;08/02/2022;61717.378;183508.0
206;2717132;IV1 | F4a | A23;;Speed limit zone|School children crossing the way near school;08/02/2022;65180.156;186967.125
207;2717138;F4a | IV1 | A23;;Speed limit zone|School children crossing the way near school;08/02/2022;65176.719;186970.656
208;2717146;F49 | B21;;Pedestrian crossing;08/02/2022;65281.125;187071.344
209;2717353;B1;;Give way;10/01/2022;103571.431;197566.855
227;2718055;B1;;Give way;09/02/2022;65068.75;181939.4
228;2718057;C9-C11 | C5-C7;;Motorcars and motorcycles prohibited;09/02/2022;65064.23;181943.0
229;2718209;A39;;Bidirectional traffic;09/02/2022;152693.353;222333.91
230;2718217;F19;;One-way street;09/02/2022;152743.24;222515.64
231;2718271;F99c;;Access only for pedestrians, cyclists, horses and agricultural;10/02/2022;252087.75;157498.25
232;2718272;C43;Neen,50;Speed limit;10/02/2022;252090.25;157477.75
233;2718274;C43 | F3b;Neen,50;Speed limit;10/02/2022;252718.875;158395.375
234;2718344;C3 | M2;;All vehicles prohibited|Except for bicycles;10/02/2022;163537.818;202441.147
240;2718423;F19;;One-way street;09/02/2022;163970.27;202735.45
250;2718600;F4b;;End of speed limit zone;10/02/2022;61920.228;185336.32
273;2725877;C3 | M3;;All vehicles prohibited|Except for bicycles and mopeds;10/02/2022;100783.347;197507.515
279;2726739;F12a;;Living street;11/02/2022;61955.594;185416.438
280;2726742;F12b;;End of Living street;11/02/2022;62021.188;185428.5
284;2726767;C3 | GIV | GIII;Vrije ingave, UITGEZONDERD AANGELANDEN, TOELATINGEN W&Z, RIJWIELEN EN BROMFIETSEN KLASSE A|Vrije ingave, JAAGPAD;All vehicles prohibited;11/02/2022;65066.67;181951.34
288;2726847;GIV | GIII | C3;Vrije ingave, UITGEZONDERD AANGELANDEN, TOELATINGEN W&Z, RIJWIELEN EN BROMFIETSEN KLASSE A|Vrije ingave, JAAGPAD;All vehicles prohibited;11/02/2022;64852.562;182096.281
289;2726874;B1;;Give way;11/02/2022;64461.952;182451.845
290;2726918;D10;;Pedestrian and bicycle path;11/02/2022;166705.475;204469.379
298;2726957;D10;;Pedestrian and bicycle path;11/02/2022;166703.319;204468.801
299;2726959;F45b;;No exit, except for bicycle;11/02/2022;166703.663;204468.363
301;2726989;M2 | C3;;Except for bicycles|All vehicles prohibited;11/02/2022;61989.875;185003.125
302;2726993;GIa | A14;m,30;Speed bump;11/02/2022;166976.444;204497.644
309;2727101;A14;;Speed bump;11/02/2022;166782.694;204495.269
312;2727160;C11;;Bicycles prohibited;11/02/2022;166615.069;204439.311
313;2727161;D10;;Pedestrian and bicycle path;11/02/2022;166615.069;204439.311
324;2727219;F99c;;Access only for pedestrians, cyclists, horses and agricultural;11/02/2022;249870.938;162810.938
329;2727325;F4a;;Speed limit zone;11/02/2022;62655.805;183373.487
330;2727326;F4b;;End of speed limit zone;11/02/2022;62657.211;183373.769
331;2727331;F4b;;End of speed limit zone;10/02/2022;41839.681;168947.091
332;2727347;F4b;;End of speed limit zone;11/02/2022;41714.188;168905.812
333;2727349;F4a;;Speed limit zone;11/02/2022;41715.5;168888.188
338;2727507;B1;;Give way;11/02/2022;64278.828;182837.094
344;2727667;F4a;;Speed limit zone;08/02/2022;61141.503;183407.906
355;2727725;F4a | F45;Geen;Speed limit zone|No exit;10/02/2022;61921.728;185326.758
356;2729395;B1 | F4b;;Give way|End of speed limit zone;10/01/2022;107965.227;198999.353
357;2729477;B1 | F4b;;Give way|End of speed limit zone;10/01/2022;108162.659;198954.56
358;2729625;B1 | F4b;;Give way|End of speed limit zone;10/01/2022;108018.158;198957.474
359;2730708;B1 | F4b;;Give way|End of speed limit zone;10/01/2022;108240.412;198983.349
361;2731956;B1 | F4b;;Give way|End of speed limit zone;10/01/2022;108360.383;198938.689
364;2742023;C3;;All vehicles prohibited;11/02/2022;106629.498;191760.796
366;2742804;C3;;All vehicles prohibited;11/02/2022;106751.516;191781.137
369;2743911;F19 | M18;;One-way street;11/02/2022;106401.917;191688.481
370;2743973;B1;;Give way;11/02/2022;106415.885;191812.779
376;2745082;B1;;Give way;10/02/2022;245155.188;189436.438
379;2745121;B1;;Give way;10/02/2022;242135.625;193228.688
384;2745155;B1;;Give way;10/02/2022;242227.625;193277.688
389;2745267;B1;;Give way;08/02/2022;234444.812;202901.062
405;2746784;B1;;Give way;10/02/2022;245176.062;189464.688
407;2746820;B1;;Give way;11/02/2022;73363.148;201235.103
410;2746910;B9 | C43;Neen,70;Priority road|Speed limit;10/02/2022;245837.75;193631.5
413;2746933;B1;;Give way;10/02/2022;245827.0;193605.625
415;2746940;B1;;Give way;10/02/2022;245797.75;193614.25
423;2748930;M18 | F19;;One-way street;11/02/2022;106401.917;191688.481
439;2763276;C11;;Bicycles prohibited;11/02/2022;65067.437;181897.115
441;2763339;C11;;Bicycles prohibited;11/02/2022;64845.75;182087.281
443;2763344;B1 | C43 (zone);"neen,C43,[""400"",""Ja"",""50""],";Give way;11/02/2022;64845.875;182099.906
447;2764569;M10 | B1;;Give way;11/01/2022;221944.57;180128.75
448;2764980;F19;;One-way street;11/02/2022;106429.193;191815.24
450;2765007;B15c | F4a;;Speed limit zone;10/01/2022;106117.216;191590.561
456;2765364;B1;;Give way;09/03/2022;46195.895;172622.63
458;2765391;B1;;Give way;08/03/2022;207966.875;199838.812
461;2765456;B1;;Give way;08/03/2022;207930.375;199835.094
465;2765987;B1;;Give way;08/03/2022;222637.0;176611.938
466;2765991;B1;;Give way;08/03/2022;222802.125;176674.5
469;2766265;M10 | B17 | D1e | M3;;Except for bicycles and mopeds;08/02/2022;62968.4;183862.54
470;2766271;GXb | D1f | M3 | E1 | M10 | B17;;Except for bicycles and mopeds|No Parking;08/02/2022;62997.66;183776.58
472;2766362;IV1 | C11;;Bicycles prohibited;09/03/2022;105888.625;192631.188
473;2766501;C33;;U-turn not allowed;09/03/2022;123130.5;198291.0
474;2766558;B1;;Give way;09/03/2022;231889.75;199840.562
475;2766559;B1;;Give way;09/03/2022;231876.125;199833.688
476;2766657;F111;;Bicycle road;09/03/2022;105856.806;193945.906
486;2767123;B1;;Give way;10/03/2022;169302.039;202302.223
493;2767232;D10;;Pedestrian and bicycle path;10/03/2022;102457.296;192313.113
497;2767357;B1;;Give way;11/03/2022;239251.562;175562.125
509;2767648;B1 | F4b;;Give way|End of speed limit zone;11/03/2022;106610.034;195538.658
510;2767855;F4b;;End of speed limit zone;11/02/2022;41752.062;168722.188
511;2767896;B1;;Give way;11/02/2022;65155.375;202845.812
512;2768040;B1 | GIa;m,150;Give way;10/02/2022;66746.914;200878.215
514;2768286;C29 | C21 | F63;4|7.5|Elek;Height limit|Weight limit;08/03/2022;222585.625;176632.812
515;2768292;C29 | C21 | F63;4|7.5|Elek;Height limit|Weight limit;08/03/2022;222852.125;176651.812
519;2769045;B1;;Give way;10/03/2022;85184.564;187028.252
520;2769703;C3 | M2 | GIV | F4a;Tekst,UITGEZONDERD DIENSTEN;All vehicles prohibited|Except for bicycles|Speed limit zone;08/02/2022;62716.628;182989.375
521;2771337;A7c;;Road narrows left;11/02/2022;189117.18;225360.19
527;2772940;F19;;One-way street;08/03/2022;101266.171;196316.954
528;2772954;C3 | M12;;All vehicles prohibited;08/03/2022;101264.677;196318.82
529;2772963;C3 | M12 Klein | E1 | GXb;;All vehicles prohibited|No Parking;08/03/2022;101266.124;196326.53
533;2773814;C3 | M12 Klein;;All vehicles prohibited;08/03/2022;102617.792;193468.841
535;2774284;C3;;All vehicles prohibited;08/02/2022;234427.688;202910.25
537;2777907;A14 | GIa;m,80;Speed bump;08/02/2022;102445.89;209325.87
538;2777909;A14;;Speed bump;08/02/2022;102684.63;209251.07
542;2779204;B1;;Give way;10/04/2022;72308.5;180840.5
545;2782300;F101c;;End of access only for pedestrians, cyclists, horses and agricultural;08/02/2022;95425.87;213498.98
546;2782301;F99c;;Access only for pedestrians, cyclists, horses and agricultural;08/02/2022;95425.48;213497.08
548;2783523;F4a | F45;Geen;Speed limit zone|No exit;10/02/2022;61914.375;185390.0
549;2783524;F4b;;End of speed limit zone;10/02/2022;61908.094;185396.625
550;2783525;F12b;;End of Living street;11/02/2022;61950.125;185414.562
552;2783925;B1;;Give way;10/01/2022;102600.592;191223.306
564;2787348;M3 | C1;;Except for bicycles and mopeds|One-way street;08/04/2022;247990.97;161529.2
565;2787354;M3 | D1f;;Except for bicycles and mopeds;08/04/2022;247962.21;161526.83
570;2787362;B1;;Give way;08/04/2022;247750.44;161424.05
571;2787363;C1;;One-way street;08/04/2022;247751.44;161433.74
572;2787372;F99b | XX | D11;FIETSERS AFSTAPPEN CYCLISTES DESCENDRE;Pedestrian path;08/04/2022;247805.79;161415.36
573;2787374;M3 | C1;;Except for bicycles and mopeds|One-way street;08/04/2022;247929.1;161441.2
574;2787638;C43 | D7;Neen,50;Speed limit;08/04/2022;202946.469;189554.688
577;2787866;B1 | GIb;m,150;Give way;08/04/2022;202872.203;189629.391
582;2788610;C43 | C21 | GIV;Neen,50|5.5|Tekst,UITGEZONDERD PLAATSELIJK VERKEER;Speed limit|Weight limit;11/04/2022;243688.844;197526.094
585;2788662;C43;Neen,70;Speed limit;11/04/2022;202662.75;189903.812
586;2788666;C43;Neen,50;Speed limit;11/04/2022;202656.0;189898.531
593;2788858;B1;;Give way;11/04/2022;229716.375;178921.656
595;2788886;C1;;One-way street;11/04/2022;229708.75;178793.734
599;2789191;B1 | D1f;;Give way;11/04/2022;239068.75;175432.5
604;2789395;C1 | M2;;One-way street|Except for bicycles;11/04/2022;248320.969;199384.281
605;2789406;F19 | M4;;One-way street|Not oneway for bicycles;11/04/2022;248287.969;199251.031
632;2792996;F49;;Pedestrian crossing;10/05/2022;190605.188;220508.25
633;2792997;F49;;Pedestrian crossing;10/05/2022;190604.938;220488.375
635;2793887;C43;Neen,50;Speed limit;08/04/2022;67586.432;220759.356
636;2793888;C43;Neen,50;Speed limit;08/04/2022;67514.244;220728.106
637;2793889;C43;Neen,50;Speed limit;08/04/2022;67635.119;220766.356
640;2797136;C23 (zone) | B1;"ja,C23,[""400""], +5t UITGEZONDERD PLAATSELIJK VERKEER";Give way;11/02/2022;63590.68;179832.425
641;2797242;C1 | M12;;One-way street;12/04/2022;103480.3;193845.198
642;2797251;F19 | M18;;One-way street;12/04/2022;103478.881;193832.566
643;2797269;C1 | M12 | E1 | GXb;;One-way street|No Parking;12/04/2022;103433.137;193770.008
645;2797286;C1 | M12;;One-way street;12/04/2022;103407.176;193753.581
647;2797312;C1 | M12;;One-way street;12/04/2022;103400.195;193752.616
648;2797326;F19 | M18 Klein | E1 | GXa;;One-way street|No Parking;12/04/2022;103483.622;193792.658
649;2797341;F19 | M18 Klein | E1 | GXd;;One-way street|No Parking;12/04/2022;103411.149;193758.753
650;2797343;C1 | M12;;One-way street;12/04/2022;103495.711;193797.732
651;2797354;F19 | M18 Klein | E1 | GXa;;One-way street|No Parking;12/04/2022;103489.165;193839.498
653;2797364;F19 | M18 Klein | E1 | GXa;;One-way street|No Parking;12/04/2022;103490.489;193779.572
654;2797373;F19 | M18;;One-way street;12/04/2022;103424.535;193778.65
655;2797383;C1 | M12;;One-way street;12/04/2022;103416.5;193766.535
656;2797389;C1 | M12;;One-way street;12/04/2022;103528.653;193678.748
660;2800660;D7 | M7 | F34b2-Zwijnaarde;S148,Mariakerke,S301,Wondelgem;Mopeds Class B forbidden on cycleway;11/04/2022;104361.85;195171.988
664;2801675;B5;;Stop sign;09/02/2022;219722.438;185190.594
665;2801680;B5;;Stop sign;09/02/2022;219731.719;185197.156
671;2804816;F45c | F12a;;Living street;11/03/2022;103587.625;193691.551
672;2804827;D1e | M2 | F12b;;Except for bicycles|End of Living street;11/03/2022;103591.918;193697.877
674;2804836;F19 | M18 Klein | E1 | GXa;;One-way street|No Parking;12/04/2022;103490.489;193779.572
675;2804851;C1 | M12;;One-way street;12/04/2022;103480.3;193845.198
676;2804853;F19 | M18;;One-way street;12/04/2022;103478.881;193832.566
677;2806228;F4b | D7;;End of speed limit zone;11/02/2022;64280.078;182840.406
679;2806262;B1 | F4a;;Give way|Speed limit zone;11/02/2022;64270.703;182833.281
683;2808636;VL Rd-Or-Gr | B1 | M10;;Give way;10/01/2022;106005.243;191664.829
687;2809017;C43 | F13;Neen,90|4,rechts,rechtdoor,rechtdoor,links,stippellijn;Speed limit;10/05/2022;219306.75;179298.938
691;2809053;A7a | GIa;m,50;Road narrows;10/05/2022;219281.812;179193.312
692;2809063;C43 | C21 | GIV;Neen,50|5|Tekst,UITGEZONDERD PLAATSELIJKE BEDIENING;Speed limit|Weight limit;10/05/2022;219278.562;179195.781
693;2809068;B5;;Stop sign;10/05/2022;219282.25;179237.25
694;2809187;C43;Neen,50;Speed limit;10/05/2022;182089.688;187325.5
695;2809188;C45;50;End of speed limit;10/05/2022;182074.938;187329.625
696;2809194;C43 | B9;Neen,50;Speed limit|Priority road;10/05/2022;182096.063;187481.625
697;2809409;GIa | A7a | D7;m,50;Road narrows;10/05/2022;219226.062;179278.312
698;2809412;B5;;Stop sign;10/05/2022;219230.812;179252.938
699;2809413;B5;;Stop sign;10/05/2022;219280.875;179208.688
701;2809521;F99c;;Access only for pedestrians, cyclists, horses and agricultural;10/05/2022;160080.624;178400.017
702;2809545;B1 | GIa;m,35;Give way;11/05/2022;70055.74;210226.48
704;2809549;B1 | D1f;;Give way;11/05/2022;70055.06;210258.05
705;2809553;B9 | D7 | C43;Neen,70;Priority road|Speed limit;11/05/2022;70061.39;210259.23
709;2809585;M10 | B1;;Give way;11/05/2022;69956.75;210247.32
723;2809839;M5 | F19;;Not oneway for bicycles and mofas|One-way street;09/05/2022;77164.36;176332.15
724;2809859;M3 | C1;;Except for bicycles and mopeds|One-way street;09/05/2022;77274.36;176430.4
727;2810125;A25 | GIa;35m,;Bicycle crossing;12/05/2022;94258.688;209410.812
729;2810161;B5;;Stop sign;12/05/2022;93744.75;208979.5
737;2810278;B5;;Stop sign;12/05/2022;221990.313;179077.063
738;2810281;B5;;Stop sign;12/05/2022;221987.938;179100.688
739;2810283;B5;;Stop sign;12/05/2022;221962.313;179102.906
743;2810519;F19 | M17;;One-way street;09/05/2022;102991.818;195224.717
751;2815882;A23 | F113 | F4a;;School children crossing the way near school|Speed limit zone;12/05/2022;103164.741;190021.185
752;2815894;B1 | F111 | F4b;;Give way|Bicycle road|End of speed limit zone;12/05/2022;103157.474;190015.675
753;2815982;F87;;Speed bump;10/05/2022;105318.067;189650.322
754;2815987;C1 | M2;;One-way street|Except for bicycles;10/05/2022;105607.699;190129.136
755;2815996;F49;;Pedestrian crossing;10/05/2022;105668.822;190098.08
757;2816022;F87;;Speed bump;10/05/2022;105328.756;189650.375
758;2816029;F19 | M4;;One-way street|Not oneway for bicycles;11/05/2022;105582.522;189935.261
796;2819711;F19 | M18 Klein | E1 | GXd;;One-way street|No Parking;12/04/2022;103411.149;193758.753
797;2819740;F19 | M17;;One-way street;09/05/2022;102991.818;195224.717
799;2819760;C1 | M12 Klein;;One-way street;12/04/2022;103394.162;193762.55
801;2819779;C1 | M12;;One-way street;12/04/2022;103400.195;193752.616
812;2819922;B9 | C43;Neen,90;Priority road|Speed limit;11/05/2022;107424.75;199812.44
813;2819925;C43;Neen,90;Speed limit;11/05/2022;108542.19;201498.01
814;2819933;C43;Neen,70;Speed limit;11/05/2022;106219.64;196275.26
815;2819939;B9 | C43;Neen,70;Priority road|Speed limit;11/05/2022;106221.68;196272.2
816;2819941;C43;Neen,70;Speed limit;11/05/2022;112561.72;208204.33
817;2819943;C43;Neen,70;Speed limit;11/05/2022;112553.15;208204.1
818;2820103;B1;;Give way;09/05/2022;69627.375;200587.313
828;2821460;B1 | M10;;Give way;10/05/2022;102214.53;193477.251
829;2821966;C1 | M11;;One-way street|Only applies to link road;10/05/2022;103081.037;195160.947
831;2822642;B1 | M10;;Give way;01/01/2023;63224.603;182508.542
832;2822644;C1 | M3;;One-way street|Except for bicycles and mopeds;01/01/2023;63212.465;182511.386
833;2822649;B15f | M3 | C31b;;Except for bicycles and mopeds;01/01/2023;63205.166;182517.327
834;2822651;C1 | M3;;One-way street|Except for bicycles and mopeds;01/01/2023;63212.944;182525.899
835;2822660;M3 | C31b | B15f;;Except for bicycles and mopeds;01/01/2023;63258.6;182520.053
836;2822661;B1;;Give way;01/01/2023;63250.345;182505.744
840;2823039;F12a;;Living street;11/02/2022;62027.625;185429.688
841;2824273;B1;;Give way;10/05/2022;105360.304;191487.624
846;2828939;GVIId | GVIId | F45b;Vrije ingave,Schoolstraat  tijdens schooldagen|Vrije ingave,Op ma,di,do en vrijdag van 8u tot 8u30 en van 15u tot 15u30 Op woensdag  van 8u tot 8u30 en van 11u50 tot 12u30;No exit, except for bicycle;08/06/2022;157703.73;230060.93
847;2828945;GVIId | GVIId | F45b;Vrije ingave,Op ma,di,do en vrijdag Van 8u tot 8u30 en van 15u tot 15u30 op woensdag  van 8u tot 8u30 en van 11u50 tot 12u30|Vrije ingave,Schoolstraat tijdens schooldagen;No exit, except for bicycle;08/06/2022;157592.75;230256.42
848;2828953;GVIId | GVIId | F45b;Vrije ingave,Op ma,di,do en vrijdag van 8utot8u30 en van 15utot 15u30 op woensdag van 8u tot 8u30 en van 11u50 tot 12u30|Vrije ingave,Schoolstraat  tijdens schooldagen;No exit, except for bicycle;08/06/2022;157541.69;230236.35
851;2829076;F19 | M18;;One-way street;10/06/2022;62725.344;182671.531
852;2829077;F4b;;End of speed limit zone;10/06/2022;62756.562;182673.312
862;2829517;B1;;Give way;09/06/2022;223144.527;178611.34
864;2829536;B9 | C43;Neen,50;Priority road|Speed limit;09/06/2022;223160.277;178547.527
865;2829537;C43;Neen,50;Speed limit;09/06/2022;223199.402;178533.652
866;2829544;B1;;Give way;09/06/2022;223135.652;178586.121
870;2829569;B1;;Give way;09/06/2022;223100.496;178615.652
871;2829758;B1;;Give way;09/06/2022;223125.933;178597.059
872;2829761;B11 | C43 | D7;Neen,50;Priority road ends|Speed limit;09/06/2022;223131.808;178592.996
875;2829774;B1;;Give way;10/06/2022;167698.125;216390.25
876;2829778;B1;;Give way;10/06/2022;245228.438;191476.188
877;2829782;B1 | IV1;;Give way;10/06/2022;168151.625;216691.563
878;2829789;B1;;Give way;10/06/2022;168529.813;217161.906
879;2829791;B1;;Give way;10/06/2022;168522.563;217167.719
881;2829794;B1;;Give way;10/06/2022;244676.25;191166.75
882;2829802;B9 | C43 | D7;Neen,50;Priority road|Speed limit;10/06/2022;223093.813;178621.25
884;2829818;B1;;Give way;10/06/2022;223008.37;178688.21
885;2829831;D7 | B5 | F21;;Stop sign|Go around;10/06/2022;223041.313;178660.375
887;2829843;B1 | C43 (zone);"ja,C43,[""400"",""Neen"",""50""],";Give way;10/06/2022;223013.438;178655.062
888;2829854;B9 | C43 | D7;Neen,50;Priority road|Speed limit;10/06/2022;223021.188;178652.063
898;2829963;B1;;Give way;10/06/2022;163418.26;221265.77
900;2829970;B1;;Give way;10/06/2022;163413.184;221276.892
901;2830018;B1;;Give way;10/06/2022;162831.486;220811.801
905;2830026;B1;;Give way;10/06/2022;162831.889;220800.207
907;2830038;B5;;Stop sign;10/06/2022;168764.171;226673.496
913;2830178;B1;;Give way;10/06/2022;174144.83;226556.23
915;2830180;B1;;Give way;10/06/2022;173472.02;226450.77
922;2830241;B1;;Give way;10/06/2022;171876.23;227126.38
923;2830242;B1;;Give way;10/06/2022;171737.211;227124.718
924;2830244;B1;;Give way;10/06/2022;171587.193;226979.474
925;2830249;B1;;Give way;10/06/2022;171349.295;226684.238
927;2830271;B1;;Give way;10/06/2022;171342.88;226644.82
930;2830279;B1;;Give way;10/06/2022;171101.41;226509.275
935;2830289;B1;;Give way;10/06/2022;171011.98;226491.65
938;2830298;B1;;Give way;10/06/2022;171015.68;226477.37
940;2830304;B1;;Give way;10/06/2022;171012.6;226462.11
942;2830348;B1;;Give way;10/06/2022;170999.078;226453.875
944;2830351;B1;;Give way;10/06/2022;170965.165;226458.282
949;2830370;B1;;Give way;10/06/2022;170957.579;226486.279
952;2830377;B1;;Give way;10/06/2022;170960.138;226472.966
954;2831441;F4b | D7;;End of speed limit zone;10/06/2022;105151.776;191329.654
957;2833566;F4a;;Speed limit zone;10/06/2022;104807.923;191210.762
959;2834292;B9 | C43 | D7;Neen,50;Priority road|Speed limit;08/04/2022;202772.891;189769.953
960;2834297;C43 | D7 | B9;Neen,50;Speed limit|Priority road;08/04/2022;202797.828;189720.516
965;2835024;C43 | GXI | IU4b | IR10b;90|sy-S307,sy-S114,sy-S110,sy-S107;Speed limit;11/04/2022;41979.798;204044.864
974;2837941;C35 | D7 | B9;;No overtaking|Priority road;10/06/2022;163524.021;221365.556
975;2837947;B1;;Give way;10/06/2022;173358.53;228240.9
979;2838160;M12 | C1;;One-way street;09/09/2022;63300.028;181820.462
982;2838661;F3b | F4b;;End of speed limit zone;08/06/2022;254182.625;161180.875
985;2842327;C7 | C5;;Motorcycles prohibited|Motorcars prohibited;12/05/2022;250675.087;162112.228
990;2845588;B1;;Give way;08/07/2022;168234.328;193913.25
991;2846125;C43 | B9;Neen,90;Speed limit|Priority road;11/05/2022;108551.84;201482.31
993;2847668;F4b;;End of speed limit zone;08/06/2022;245096.062;161731.625
994;2847669;F4a;;Speed limit zone;08/06/2022;245097.312;161735.438
1005;2847722;A7b;;Road narrows right;08/07/2022;105566.13;210148.47
1008;2847735;C43;Neen,90;Speed limit;08/07/2022;103952.75;210554.73
1009;2847749;B1 | GIa;m,150;Give way;08/07/2022;103716.31;210448.85
1012;2847794;B1 | GIa;m,150;Give way;08/07/2022;103916.56;210740.2
1014;2847798;B1;;Give way;08/07/2022;103862.04;210643.28
1018;2847807;M2 | C3;;Except for bicycles|All vehicles prohibited;08/07/2022;97866.3;211375.87
1020;2847877;B1;;Give way;08/07/2022;68147.4;209917.98
1022;2847881;B1;;Give way;08/07/2022;68138.28;209949.58
1024;2847893;C1;;One-way street;08/07/2022;67867.913;210915.82
1027;2847913;GXI | C43;rechts|Neen,70;Speed limit;08/07/2022;67848.118;211008.9
1028;2847915;B11 | F11;;Priority road ends|End trunk road;08/07/2022;67882.618;210855.525
1030;2847935;F19;;One-way street;08/07/2022;68010.773;210472.8
1032;2847939;C1;;One-way street;08/07/2022;68007.26;210426.3
1033;2847951;GXI | C43 | IR11;rechts|Neen,70|N,4.1,N31,1;Speed limit;08/07/2022;68017.36;210380.53
1034;2847953;F19;;One-way street;08/07/2022;68032.93;210352.16
1036;2847961;C1;;One-way street;08/07/2022;68031.333;210323.005
1037;2847962;F19;;One-way street;08/07/2022;68068.833;210183.13
1038;2847964;F9;;Trunk road;08/07/2022;68071.1;210155.87
1039;2847969;B1 | F3a;Sint-Michiels,Brugge;Give way;08/07/2022;68066.3;210154.07
1042;2847982;C1;;One-way street;08/07/2022;68087.73;210079.99
1045;2847989;C1;;One-way street;08/07/2022;68102.108;210021.08
1051;2848030;C43;Neen,50;Speed limit;08/07/2022;254381.52;159570.87
1052;2848031;C43;Neen,50;Speed limit;08/07/2022;254378.72;159577.91
1053;2848032;A7c;;Road narrows left;08/07/2022;254435.26;159509.26
1054;2848034;C43 | A7c;Neen,50;Speed limit|Road narrows left;08/07/2022;254705.42;159257.01
1058;2848039;C43;Neen,50;Speed limit;08/07/2022;254059.31;159611.54
1059;2848040;C43;Neen,50;Speed limit;08/07/2022;254070.5;159602.03
1060;2848044;C43 | F37;Neen,50|links,Veurzerbron,sy-S120;Speed limit;08/07/2022;253914.17;159643.81
1062;2848046;C43;Neen,50;Speed limit;08/07/2022;253889.6;159647.01
1063;2848047;A7c;;Road narrows left;08/07/2022;253655.77;159732.88
1064;2848048;C43;Neen,50;Speed limit;08/07/2022;253632.62;159735.54
1067;2848052;C43;Neen,50;Speed limit;08/07/2022;253610.79;159764.36
1072;2848061;C43 | A7c;Neen,50;Speed limit|Road narrows left;08/07/2022;253407.902;159923.103
1075;2848076;C43;Neen,50;Speed limit;08/07/2022;252356.93;160507.26
1076;2848083;C43 | F3b;Neen,50;Speed limit;08/07/2022;252237.557;160252.897
1078;2848085;C43;Neen,50;Speed limit;08/07/2022;252360.39;160086.55
1079;2848089;C6;;Quads prohibited;08/07/2022;252013.26;160025.6
1090;2848116;C43;Neen,30;Speed limit;08/07/2022;252114.29;160673.34
1111;2848733;C19 | C11-C19;;Pedestrians prohibited;12/07/2022;156726.443;177437.097
1112;2848923;C19 | C9-C11;;Pedestrians prohibited;12/07/2022;156489.716;177857.495
1113;2848928;C19 | C9-C11;;Pedestrians prohibited;12/07/2022;155654.716;178554.12
1115;2849136;F12b;;End of Living street;11/07/2022;103568.907;196209.112
1117;2849203;C43;50;Speed limit;11/05/2022;105461.153;189563.124
1122;2852461;M12 | F19;;One-way street;12/08/2022;172587.375;212039.125
1123;2852463;M12 | F19;;One-way street;12/08/2022;172579.375;212005.875
1124;2852467;C1 | M18;;One-way street;12/08/2022;172579.625;212118.125
1125;2852476;M12 | C1;;One-way street;12/08/2022;172584.375;211944.625
1126;2852478;F45b;;No exit, except for bicycle;12/08/2022;172585.312;211914.25
1127;2852481;F45b;;No exit, except for bicycle;12/08/2022;172570.375;212156.938
1128;2853024;GIV | GIa | C21;Tekst,UITGEZONDERD PLAATSELIJK VERKEER|m,150|3.5;Weight limit;09/09/2022;61723.2;176557.312
1129;2853100;M10 | B1 | F111 (zone);"neen,F111,[""400x600""],";Give way;09/02/2022;63136.656;182880.562
1130;2853135;M3 | C1 | F111 (zone);"ja,F111,[""400x600""],";Except for bicycles and mopeds|One-way street;09/02/2022;63144.156;182884.75
1131;2853409;F63 | C21 | C29;Elek|7.5;Weight limit|Height limit;01/01/2023;65787.75;179409.438
1132;2853411;M10 | B5;;Stop sign;01/01/2023;65787.938;179420.062
1133;2853412;C1;;One-way street;01/01/2023;65800.0;179421.562
1137;2854723;A7b | GIa | B17;m,60;Road narrows right;11/02/2022;61923.062;185313.25
1138;2854725;C3 | M2;;All vehicles prohibited|Except for bicycles;11/02/2022;61906.5;184967.75
1140;2855198;B1 | F4a;;Give way|Speed limit zone;08/02/2022;61660.719;183408.5
1148;2855485;B5;;Stop sign;10/06/2022;168740.162;226695.042
1149;2855669;F4b;;End of speed limit zone;01/01/2023;63303.125;182425.125
1150;2855670;F4a;;Speed limit zone;01/01/2023;63310.375;182419.25
1152;2857053;F111;;Bicycle road;09/06/2022;158303.954;221075.612
1153;2857400;B1 | M10 | F4b;;Give way|End of speed limit zone;10/06/2022;62770.25;182585.125
1154;2857406;M18 | F4a;;Speed limit zone;10/06/2022;62777.175;182589.498
1155;2857410;F4a;;Speed limit zone;10/06/2022;62762.156;182686.531
1156;2857424;M12 | F4a;;Speed limit zone;10/06/2022;62684.8;182717.998
1157;2857467;F4b | B15a;;End of speed limit zone;10/06/2022;62693.531;182720.781
1160;2860040;B1;;Give way;09/05/2022;66316.09;179400.7
1167;2861882;B1 | C3 | M12;;Give way|All vehicles prohibited;08/07/2022;103638.62;194323.787
1171;2864833;A23 | F4a | IV1;;School children crossing the way near school|Speed limit zone;08/02/2022;65357.375;187137.906
1172;2864836;A23 | F4a | IV1;;School children crossing the way near school|Speed limit zone;08/02/2022;65360.906;187134.719
1189;2872201;B5;;Stop sign;10/06/2022;171371.588;226691.411
1191;2872206;B9 | M3;;Priority road|Except for bicycles and mopeds;10/06/2022;171335.015;226671.269
1193;2873123;A25;;Bicycle crossing;08/08/2022;155639.86;183315.37
1210;2873190;F101c;;End of access only for pedestrians, cyclists, horses and agricultural;08/08/2022;155417.55;186173.63
1214;2873415;A25;;Bicycle crossing;08/08/2022;183006.69;187966.1
1215;2873417;M4 | D7;;Not oneway for bicycles;08/08/2022;183003.83;187964.66
1216;2873418;B1;;Give way;08/08/2022;183003.29;187970.99
1217;2873420;M4 | D7;;Not oneway for bicycles;08/08/2022;183034.36;187983.8
1218;2873421;B1;;Give way;08/08/2022;183009.72;187929.25
1219;2873423;M4 | D7;;Not oneway for bicycles;08/08/2022;183007.72;187923.61
1220;2873425;M4 | D7;;Not oneway for bicycles;08/08/2022;182855.75;187996.96
1221;2873427;M4 | D7;;Not oneway for bicycles;08/08/2022;182867.17;187993.38
1222;2873428;B1;;Give way;08/08/2022;182881.82;188004.02
1223;2873430;M4 | D7;;Not oneway for bicycles;08/08/2022;182867.82;187985.2
1224;2873431;B1;;Give way;08/08/2022;182997.96;187928.96
1225;2873433;M4 | D7;;Not oneway for bicycles;08/08/2022;182998.43;187938.08
1226;2873435;M4 | D7;;Not oneway for bicycles;08/08/2022;182966.11;187879.19
1227;2873437;M4 | D7;;Not oneway for bicycles;08/08/2022;182950.85;187874.89
1233;2873453;C43 (zone) | F111 | C43 (zone);"ja,C43,[""400"",""Neen"",""50""],|neen,C43,[""400"",""Neen"",""30""],";Bicycle road;08/08/2022;160665.63;204431.51
1237;2873459;A25;;Bicycle crossing;08/08/2022;182991.7;187974.6
1244;2873475;F113 | F45b;;No exit, except for bicycle;08/08/2022;160649.33;204804.14
1245;2873476;F111;;Bicycle road;08/08/2022;160645.59;204798.57
1247;2873479;B1;;Give way;08/08/2022;182558.94;188930.8
1251;2873487;A14 | A23;;Speed bump|School children crossing the way near school;08/08/2022;182751.74;188493.4
1253;2873491;C1 | M3;;One-way street|Except for bicycles and mopeds;08/08/2022;182776.24;188501.55
1255;2873495;M3 | C31a | F4a;;Except for bicycles and mopeds|Speed limit zone;08/08/2022;182768.92;188507.04
1256;2873496;F45b;;No exit, except for bicycle;08/08/2022;182776.99;188513.54
1258;2873500;M3 | C1;;Except for bicycles and mopeds|One-way street;08/08/2022;182848.3;188503.33
1260;2873504;M5 | F19;;Not oneway for bicycles and mofas|One-way street;08/08/2022;182851.69;188510.59
1263;2873510;F4a | M5 | F19;;Speed limit zone|Not oneway for bicycles and mofas|One-way street;08/08/2022;182842.94;188459.97
1274;2873533;F111 | C43 (zone);"neen,C43,[""400"",""Neen"",""30""],";Bicycle road;08/08/2022;160361.63;204939.25
1277;2873541;F87;;Speed bump;08/08/2022;182733.65;188499.23
1278;2873542;F49;;Pedestrian crossing;08/08/2022;182710.61;188500.75
1279;2873543;F49;;Pedestrian crossing;08/08/2022;182711.68;188480.1
1280;2873544;F87;;Speed bump;08/08/2022;182695.11;188482.44
1283;2873551;F4a | A14;;Speed limit zone|Speed bump;08/08/2022;182600.67;188488.64
1285;2873561;A7c;;Road narrows left;08/08/2022;183295.58;188313.13
1290;2873593;B1;;Give way;08/08/2022;160230.83;205079.27
1291;2873594;C43;Neen,30;Speed limit;08/08/2022;183079.68;188682.34
1292;2873597;B1;;Give way;08/08/2022;182835.4;188250.76
1293;2873598;B5;;Stop sign;08/08/2022;160224.26;205070.54
1298;2873609;M12 | C1;;One-way street;08/08/2022;158557.86;205649.47
1300;2873611;F49;;Pedestrian crossing;08/08/2022;183157.42;188070.12
1301;2873619;M18 | F19 | B5;;One-way street|Stop sign;08/08/2022;158529.38;205643.24
1304;2873629;B1;;Give way;08/08/2022;158527.79;205653.11
1305;2873631;B1;;Give way;08/08/2022;158554.67;205656.71
1307;2873633;B1;;Give way;08/08/2022;158555.92;205657.46
1308;2873636;M4 | D7;;Not oneway for bicycles;08/08/2022;183111.76;187831.23
1310;2873654;C43 (zone) | F4b;"neen,C43,[""400"",""Neen"",""50""],";End of speed limit zone;08/08/2022;183261.19;187704.43
1312;2873661;F4a;;Speed limit zone;08/08/2022;182832.66;187371.63
1315;2873665;B5;;Stop sign;08/08/2022;182816.77;187375.34
1317;2873667;F4b;;End of speed limit zone;08/08/2022;182824.97;187390.39
1319;2873670;M12 | C1;;One-way street;08/08/2022;182936.37;187449.02
1320;2873672;M18 | F19;;One-way street;08/08/2022;182887.38;187602.18
1321;2873674;F19 | M18;;One-way street;08/08/2022;182996.76;187469.05
1323;2873677;C3;;All vehicles prohibited;08/08/2022;183173.85;187053.55
1335;2873801;M2 | C3 | GIV;Vrije ingave,UITGEZONDERD  GEMEENTE - EN  HULPDIENSTEN;Except for bicycles|All vehicles prohibited;08/08/2022;158707.31;205729.87
1336;2873803;F49;;Pedestrian crossing;08/08/2022;158696.77;205737.05
1338;2873808;F49;;Pedestrian crossing;08/08/2022;158703.25;205751.35
1339;2873811;D7 | M12 | C1;;One-way street;08/08/2022;158753.04;205783.66
1343;2873877;C1 | F111 (zone) | M12;"neen,F111,[""400x600""],";One-way street;08/08/2022;158728.81;205861.39
1347;2873887;B5;;Stop sign;08/08/2022;158732.1;205859.71
1349;2873894;F113 (zone) | F19;"neen,F113,[""400x600""],";One-way street;08/08/2022;158724.95;205865.18
1350;2873901;B1 | C43 (zone);"ja,C43,[""400"",""Neen"",""30""],";Give way;08/08/2022;159340.95;206224.4
1352;2873906;A14;;Speed bump;08/08/2022;159363.72;206247.42
1353;2873908;A14;;Speed bump;08/08/2022;159351.5;206216.36
1356;2873914;A14;;Speed bump;08/08/2022;159461.58;206139.58
1357;2873915;A14;;Speed bump;08/08/2022;160033.08;205712.14
1358;2873916;A14;;Speed bump;08/08/2022;159979.55;205566.82
1359;2873919;A14;;Speed bump;08/08/2022;160156.49;205630.56
1361;2874007;C3 | GIV | F12a;UITGEZONDERD ,PLAATSELIJK VERKEER;All vehicles prohibited|Living street;08/08/2022;104364.083;193851.965
1362;2874019;B17 | M9 | F12b;;End of Living street;08/08/2022;104361.293;193847.772
1363;2874032;F12b | D1e | M12 Klein;;End of Living street;08/08/2022;104361.1;193794.988
1365;2874110;A23 | C43;Ja,5;School children crossing the way near school|Speed limit;09/08/2022;159160.0;185145.71
1378;2874140;C3 | XX-Straatnaam;Kerkhofvoetweg;All vehicles prohibited;09/08/2022;159074.72;183760.04
1400;2874290;C43;Neen,50;Speed limit;09/08/2022;192531.875;165616.75
1401;2874294;C43;Neen,50;Speed limit;09/08/2022;192621.344;165852.031
1402;2874350;F111;;Bicycle road;09/08/2022;160865.75;205144.75
1403;2874352;F45b | F111;;No exit, except for bicycle|Bicycle road;09/08/2022;160861.14;205130.46
1404;2874355;F111;;Bicycle road;09/08/2022;160860.38;205145.89
1405;2874357;F45b | F111;;No exit, except for bicycle|Bicycle road;09/08/2022;160881.53;205580.65
1406;2874361;FtsRt | F113 | B1;LandelijkeFietsroute,Links,,82;Give way;09/08/2022;160887.47;205573.25
1409;2874379;F49 | IV4;;Pedestrian crossing;09/08/2022;158579.21;206876.15
1410;2874381;F49 | IV4;;Pedestrian crossing;09/08/2022;158549.37;206864.4
1413;2874394;GIV | C3;Vrije ingave,UITGEZONDERD PLAATSELIJK VERKEER;All vehicles prohibited;09/08/2022;158340.51;207311.18
1414;2874407;F49;;Pedestrian crossing;09/08/2022;184216.62;188410.13
1416;2874421;A21 | C43 (zone);"neen,C43,[""400"",""Neen"",""50""],";Pedestrian crossing;09/08/2022;185030.53;189233.2
1418;2874431;C43;Neen,50;Speed limit;09/08/2022;186100.85;189705.66
1419;2874441;B1 | FtsRt;LandelijkeFietsroute,Links,,14;Give way;09/08/2022;158341.34;207302.93
1422;2874446;C43;Neen,70;Speed limit;09/08/2022;186695.96;190252.66
1425;2874462;C43 (zone) | B1;"ja,C43,[""400"",""Neen"",""50""],";Give way;09/08/2022;186157.46;189694.64
1431;2874477;F45b;;No exit, except for bicycle;09/08/2022;158072.95;206955.34
1432;2874480;GIV | C3;Vrije ingave,UITGEZONDERD PLAATSELIJK  VERKEER;All vehicles prohibited;09/08/2022;158020.44;206726.22
1433;2874483;M10 | B5 | C43 (zone);"ja,C43,[""400"",""Neen"",""50""],";Stop sign;09/08/2022;160961.03;205603.41
1435;2874485;A14;;Speed bump;09/08/2022;161914.9;205458.18
1437;2874491;M10 | C43 (zone) | B1;"ja,C43,[""400"",""Neen"",""50""],";Give way;09/08/2022;161751.47;205487.84
1441;2874523;F45b;;No exit, except for bicycle;09/08/2022;185021.57;189185.34
1442;2874525;A21;;Pedestrian crossing;09/08/2022;184997.44;189185.39
1447;2874534;M2 | C3;;Except for bicycles|All vehicles prohibited;09/08/2022;159610.36;206145.07
1450;2874538;M2 | C3;;Except for bicycles|All vehicles prohibited;09/08/2022;159603.9;206087.1
1456;2874568;C43 (zone) | F45b;"neen,C43,[""400"",""Neen"",""30""],";No exit, except for bicycle;09/08/2022;159605.46;206016.9
1459;2874572;F45b;;No exit, except for bicycle;09/08/2022;182798.67;188834.57
1462;2874579;A14;;Speed bump;09/08/2022;159563.57;206014.28
1464;2874592;B5;;Stop sign;09/08/2022;182566.34;188476.91
1465;2874596;B5;;Stop sign;09/08/2022;182570.27;188484.09
1466;2874605;C15;;Horses prohibited;09/08/2022;183527.33;189459.07
1470;2874647;XX | C21;Uitgezonderd plaatselijk verkeer|7.5;Weight limit;09/08/2022;189453.68;191676.61
1471;2874650;XX | C21;Uitgezonderd plaatselijk verkeer|7.5;Weight limit;09/08/2022;188935.87;191393.69
1474;2874664;C21 | XX;7.5|Uitgezonderd  plaatselijk verkeer;Weight limit;09/08/2022;188786.69;191263.52
1475;2874666;XX | C21;Uitgezonderd plaatselijk verkeer|7.5;Weight limit;09/08/2022;188700.4;191193.66
1479;2874720;F45b | C43 (zone);"ja,C43,[""400"",""Neen"",""50""],";No exit, except for bicycle;09/08/2022;160318.82;206286.39
1480;2874832;C21 | XX;7.5|Uitgezonderd plaatselijk verkeer;Weight limit;09/08/2022;189498.41;190798.59
1482;2874836;C21;7.5;Weight limit;09/08/2022;189252.65;190582.32
1484;2874842;A14;;Speed bump;09/08/2022;159532.29;205956.15
1485;2874854;C43;Neen,50;Speed limit;09/08/2022;192651.219;166076.031
1486;2874855;C43;Neen,50;Speed limit;09/08/2022;192595.219;166175.156
1487;2874856;C43;Neen,50;Speed limit;09/08/2022;192241.094;166223.281
1488;2874857;C43;Neen,50;Speed limit;09/08/2022;191906.219;166213.906
1489;2874862;C43;Neen,50;Speed limit;09/08/2022;191923.344;166187.406
1490;2874863;C43;Neen,50;Speed limit;09/08/2022;192270.094;166211.656
1491;2874867;C43;Neen,50;Speed limit;09/08/2022;192600.969;166137.156
1492;2874868;C43;Neen,50;Speed limit;09/08/2022;192638.969;166050.531
1493;2874869;C43;Neen,50;Speed limit;09/08/2022;192651.594;165940.906
1494;2874870;C43;Neen,50;Speed limit;09/08/2022;192630.969;165928.531
1495;2874871;C43;Neen,50;Speed limit;09/08/2022;192597.719;165838.906
1496;2874872;C43;Neen,50;Speed limit;09/08/2022;192558.094;165739.531
1497;2874873;A14;;Speed bump;09/08/2022;159405.33;206025.31
1498;2874880;A14;;Speed bump;09/08/2022;159414.5;206044.44
1499;2874901;B1;;Give way;09/08/2022;164403.406;201477.938
1501;2874952;A14;;Speed bump;09/08/2022;159250.75;206059.05
1508;2875013;F111 | F45b;;Bicycle road|No exit, except for bicycle;09/08/2022;160883.22;204865.64
1510;2875030;M12 | C1;;One-way street;09/08/2022;187130.48;184590.7
1513;2875044;D7 | M12 | C1;;One-way street;09/08/2022;187148.4;184713.24
1514;2875047;C43 (zone) | F19 | D7;"ja,C43,[""400"",""Neen"",""30""],";One-way street;09/08/2022;187135.05;184712.67
1516;2875059;F87 | F49;;Speed bump|Pedestrian crossing;09/08/2022;187134.3;184784.94
1517;2875060;B1;;Give way;09/08/2022;159545.68;205783.85
1519;2875067;M3 | F45b;;Except for bicycles and mopeds|No exit, except for bicycle;09/08/2022;159539.53;205787.15
1521;2875074;C43;Neen,50;Speed limit;09/08/2022;189348.29;189995.2
1522;2875075;C43;Neen,50;Speed limit;09/08/2022;189276.23;189901.33
1523;2875083;C31a | GIV | M2;Vrije ingave,UITGEZONDERD PLAATSELIJK VERKEER ;Except for bicycles;09/08/2022;159993.31;208030.21
1524;2875085;A14;;Speed bump;09/08/2022;160217.34;207786.1
1527;2875103;A14;;Speed bump;09/08/2022;159944.922;207508.948
1529;2875132;IW6 | F45b | GIII;Vrije ingave,TRACTORSLUIS HOOGTE = 25 CM BEPERKTE DOORGANG;No exit, except for bicycle;12/07/2022;182900.421;204182.69
1533;2875174;A14;;Speed bump;09/08/2022;159787.62;207613.94
1535;2875180;A14;;Speed bump;09/08/2022;159784.52;207637.12
1544;2875387;F101c;;End of access only for pedestrians, cyclists, horses and agricultural;10/08/2022;159252.89;187607.48
1566;2875515;F4a | B1;;Speed limit zone|Give way;08/02/2022;61640.188;183396.875
1570;2875646;A39;;Bidirectional traffic;10/08/2022;185071.23;189120.42
1571;2875648;M12 | C1;;One-way street;10/08/2022;185068.99;189101.57
1575;2875654;M18 | F19;;One-way street;10/08/2022;185139.42;188858.66
1577;2875656;A14;;Speed bump;10/08/2022;185226.55;188835.3
1578;2875657;C1;;One-way street;10/08/2022;185175.02;188852.12
1579;2875658;F19;;One-way street;10/08/2022;185222.34;188845.31
1585;2875681;F45b;;No exit, except for bicycle;10/08/2022;186091.93;188791.43
1593;2875702;F49;;Pedestrian crossing;10/08/2022;185153.71;188544.52
1594;2875703;F49;;Pedestrian crossing;10/08/2022;185122.06;188541.22
1595;2875708;B1;;Give way;10/08/2022;184824.35;188174.22
1596;2875710;F45 | C21;Geen|3.5;No exit|Weight limit;10/08/2022;184813.97;188185.41
1605;2875906;A39;;Bidirectional traffic;10/08/2022;188909.2;189540.99
1606;2875910;M12 | C3;;All vehicles prohibited;10/08/2022;188910.66;189549.35
1614;2875950;C3 | XX;Uitgezonderd voetgangers, (brom)fietsers klasse A en B, pedelec en menners;All vehicles prohibited;10/08/2022;187122.2;188742.94
1616;2875952;F45b;;No exit, except for bicycle;10/08/2022;187092.94;188838.22
1626;2876035;XX | C21;Uitgezonderd plaatselijk vervoer|7.5;Weight limit;10/08/2022;189188.48;189865.84
1630;2876050;XX | C21;Uitgezonderd plaatselijk vervoer|7.5;Weight limit;10/08/2022;188536.97;191169.24
1631;2876061;C43;Neen,70;Speed limit;10/08/2022;187998.28;191035.27
1632;2876065;F49;;Pedestrian crossing;10/08/2022;187870.71;191038.41
1633;2876066;F49;;Pedestrian crossing;10/08/2022;187872.27;191012.77
1634;2876068;C43 (zone) | C43;"ja,C43,[""400"",""Neen"",""50""],|Neen,70";Speed limit;10/08/2022;187679.18;191006.02
1635;2876070;C43;Neen,70;Speed limit;10/08/2022;187514.88;190969.43
1655;2876445;C43 | E3 | F19;Neen,30;Speed limit|No Halting|One-way street;11/08/2022;159901.56;185545.31
1656;2876446;F49;;Pedestrian crossing;11/08/2022;159868.43;185549.87
1657;2876448;C3 | GVIId;Vrije ingave,Uitgezonderd  Dienstvoertuigen en Leveranciers;All vehicles prohibited;11/08/2022;159845.54;185550.26
1671;2876469;E9a | F33a | C43;rechts,normaal,Exit,,|Neen,30;Parking|Speed limit;11/08/2022;160413.69;186052.86
1672;2876471;C19 | C1;;Pedestrians prohibited|One-way street;11/08/2022;160413.69;186052.86
1673;2876473;C1 | M2;;One-way street|Except for bicycles;11/08/2022;160437.04;186061.91
1674;2876477;C19 | GVIId | GIII | C3;Vrije ingave,Uitgezonderd uitleendienst sportimonium 015/618238|Vrije ingave,UItgezonderd  Dienstvoertuigen;Pedestrians prohibited|All vehicles prohibited;11/08/2022;160436.48;186083.49
1680;2876487;F33b | C1 | F33a | C19;links,normaal,Uitgang,,|links,normaal,Parking,,;One-way street|Pedestrians prohibited;11/08/2022;160496.1;186190.98
1682;2876491;GVIId | C11 | C3;Vrije ingave,Verboden toegang voor honden;Bicycles prohibited|All vehicles prohibited;11/08/2022;160502.22;186216.86
1686;2876495;C43;Neen,30;Speed limit;11/08/2022;160277.06;185837.76
1688;2876499;C19 | C11 | C43;Neen,30;Pedestrians prohibited|Bicycles prohibited|Speed limit;11/08/2022;160166.96;185762.76
1695;2876511;C1;;One-way street;11/08/2022;160109.83;185645.53
1696;2876512;C43;Neen,30;Speed limit;11/08/2022;160068.57;185595.78
1697;2876515;F19 | C43 | E3;Neen,30;One-way street|Speed limit|No Halting;11/08/2022;159985.28;185549.96
1698;2876516;C19;;Pedestrians prohibited;11/08/2022;159976.13;185543.47
1701;2876523;F33a | F49;rechts,normaal,Zuiderbad,,;Pedestrian crossing;11/08/2022;159966.53;185551.13
1709;2876709;C1;;One-way street;09/08/2022;152436.003;222541.598
1710;2876738;F19;;One-way street;09/08/2022;152453.068;222553.017
1711;2876804;M6;;Mopeds Class B have to use cycleway;11/08/2022;160968.873;205586.537
1718;2876859;F87 | C43 (zone);"ja,C43,[""400"",""Neen"",""30""],";Speed bump;11/08/2022;183374.4;186391.79
1719;2876865;XX | C3;Uitgezonderd personeel;All vehicles prohibited;11/08/2022;183452.79;186373.71
1720;2876867;C3 | XX;Uitgezonderd personeel;All vehicles prohibited;11/08/2022;183456.29;186372.03
1723;2876877;C1;;One-way street;11/08/2022;183585.84;186394.36
1727;2876882;C21;3.5;Weight limit;11/08/2022;183649.51;186424.23
1730;2876893;A3;15;Steep descent;11/08/2022;184118.24;186728.79
1732;2876908;A14;;Speed bump;11/08/2022;160264.743;207665.839
1739;2876960;F49;;Pedestrian crossing;11/08/2022;183667.44;187164.23
1745;2877049;F45 | XX | C3;Geen|Uitgezonderd plaatselijk verkeer;No exit|All vehicles prohibited;11/08/2022;183691.25;187735.52
1746;2877052;F45 | XX | C3;Geen|Uitgezonderd plaatselijk verkeer;No exit|All vehicles prohibited;11/08/2022;183722.91;187665.56
1747;2877055;XX | F45 | C3;Uitgezonderd plaatselijk  verkeer|Geen;No exit|All vehicles prohibited;11/08/2022;183731.49;187685.25
1751;2877070;F49;;Pedestrian crossing;11/08/2022;183869.61;187141.59
1753;2877178;XX | A25;Opgepast fietsers op de rijbaan;Bicycle crossing;11/08/2022;185005.71;187070.73
1755;2877191;B1;;Give way;11/08/2022;184663.33;187066.98
1757;2877207;F49;;Pedestrian crossing;11/08/2022;183849.38;187130.74
1760;2877219;F49;;Pedestrian crossing;11/08/2022;183641.02;187155.47
1767;2877390;GIa | A33;m,300;Traffic lights;11/08/2022;98331.49;211501.72
1772;2877606;XX | C3;Uitgezonderd voetgangers, (brom)fietsen klasse A en B, pedelec en menner;All vehicles prohibited;11/08/2022;187132.77;188717.54
1773;2877611;C3;;All vehicles prohibited;11/08/2022;186864.76;188670.83
1774;2877612;C3;;All vehicles prohibited;11/08/2022;186861.42;188661.43
1776;2877618;C43;Neen,70;Speed limit;11/08/2022;188492.2;189010.07
1778;2877622;C43;Neen,70;Speed limit;11/08/2022;188387.93;188964.02
1779;2877623;C43;Neen,70;Speed limit;11/08/2022;188168.92;188727.47
1780;2877642;C43;Neen,70;Speed limit;11/08/2022;188134.84;188712.41
1782;2877661;F45b;;No exit, except for bicycle;11/08/2022;187310.92;188314.59
1784;2877667;C43;Neen,70;Speed limit;11/08/2022;187309.68;188293.84
1791;2877681;C43;Neen,70;Speed limit;11/08/2022;186494.55;188009.57
1792;2877684;C43;Neen,70;Speed limit;11/08/2022;186163.86;187807.09
1795;2877694;C43 (zone) | C43;"ja,C43,[""400"",""Neen"",""50""],|Neen,70";Speed limit;11/08/2022;186085.12;187793.97
1796;2877700;F49;;Pedestrian crossing;11/08/2022;185545.23;187544.22
1797;2877701;F49;;Pedestrian crossing;11/08/2022;185542.43;187532.33
1803;2877898;C43;Neen,90;Speed limit;12/08/2022;105491.91;210199.71
1804;2877903;GIa | A33;m,300;Traffic lights;12/08/2022;105670.96;210183.35
1810;2877944;F4a | C43 (zone);"ja,C43,[""400"",""Neen"",""50""],";Speed limit zone;12/08/2022;160348.56;204948.75
1811;2877946;XX | F45b;GALGENSTUK;No exit, except for bicycle;12/08/2022;160837.15;204860.59
1815;2877967;F45b | C43 (zone);"ja,C43,[""400"",""Neen"",""50""],";No exit, except for bicycle;12/08/2022;160656.15;204813.83
1823;2878036;F45b;;No exit, except for bicycle;12/08/2022;160662.74;204563.38
1827;2878089;B1 | F4b;;Give way|End of speed limit zone;12/08/2022;159475.2;205360.38
1828;2878092;D7 | F4a | M7;;Speed limit zone|Mopeds Class B forbidden on cycleway;12/08/2022;159479.47;205358.41
1829;2878095;M18 | M7 | D7;;Mopeds Class B forbidden on cycleway;12/08/2022;159488.68;205355.05
1834;2878125;F19 | M18;;One-way street;12/08/2022;181324.39;188641.78
1835;2878127;M12 | C1;;One-way street;12/08/2022;181327.6;188656.75
1836;2878129;F12a;;Living street;12/08/2022;182499.29;187740.67
1837;2878131;F12b | B5;;End of Living street|Stop sign;12/08/2022;182504.53;187732.84
1847;2878155;M12 | C1;;One-way street;12/08/2022;181037.23;188341.05
1848;2878157;M18 | F19;;One-way street;12/08/2022;181038.97;188368.99
1851;2878163;M3 | C3;;Except for bicycles and mopeds|All vehicles prohibited;12/08/2022;181980.0;188269.32
1852;2878165;M3 | C3;;Except for bicycles and mopeds|All vehicles prohibited;12/08/2022;181980.42;188256.11
1869;2878218;B1;;Give way;12/08/2022;187965.99;183090.46
1870;2878220;XX | C21;Uitgezonderd plaatselijk verkeer|7.5;Weight limit;12/08/2022;187567.95;185849.64
1871;2878222;XX | C21;Uitgezonderd plaatselijk verkeer|7.5;Weight limit;12/08/2022;187732.78;185508.41
1878;2878505;F111;;Bicycle road;12/08/2022;104445.141;193115.713
1880;2878949;C19 | C9-C11;;Pedestrians prohibited;12/07/2022;156580.0;177755.625
1885;2879888;A7c;;Road narrows left;12/08/2022;159556.97;205348.79
1892;2879903;D10;;Pedestrian and bicycle path;12/08/2022;158638.97;205269.96
1903;2880406;F49;;Pedestrian crossing;12/08/2022;158663.65;205317.2
1906;2880419;F49;;Pedestrian crossing;12/08/2022;158646.23;205328.41
1908;2880428;M2 | C1;;Except for bicycles|One-way street;12/08/2022;158665.04;205381.96
1909;2880460;F19 | M4;;One-way street|Not oneway for bicycles;12/08/2022;158635.68;205381.18
1910;2880462;F111 (zone) | F45b;"neen,F111,[""400x600""],";No exit, except for bicycle;12/08/2022;158641.14;205345.88
1911;2880470;F87;;Speed bump;12/08/2022;158631.34;205361.74
1912;2880471;F87;;Speed bump;12/08/2022;158631.34;205361.74
1913;2880472;F19;;One-way street;12/08/2022;158625.31;205388.36
1916;2880481;C1;;One-way street;12/08/2022;158619.58;205383.8
1918;2880486;F111;;Bicycle road;12/08/2022;158587.23;205492.61
1921;2880502;A14;;Speed bump;12/08/2022;159567.4;204482.59
1925;2882079;C1;;One-way street;10/06/2022;215509.91;189166.53
1930;2882515;F4a;;Speed limit zone;10/06/2022;109782.878;196725.37
1931;2882520;F4b | E9b | GXa;;End of speed limit zone|Parking for cars only;10/06/2022;109794.376;196739.623
1934;2882533;F4a | F1a | E1 | GXa;Sint-Amandsberg,Gent;Speed limit zone|No Parking;10/06/2022;108879.593;196506.594
1935;2882536;F4a;;Speed limit zone;10/06/2022;109953.447;196645.316
1936;2882541;C3 | GIV;UITGEZONDERD,PLAATSELIJK VERKEER;All vehicles prohibited;10/06/2022;108935.754;195784.865
1937;2882542;B1;;Give way;10/06/2022;108679.017;196242.841
1939;2882554;B5 | F3a | F4b;Gent,Sint-Amandsberg;Stop sign|End of speed limit zone;10/06/2022;108281.65;195874.323
1940;2882560;C1 | M12 | F3a | F4b;Gent,Sint-Amandsberg;One-way street|End of speed limit zone;10/06/2022;108859.863;196478.704
1942;2882572;A23 | F4a | F1a;Sint-Amandsberg,Gent;School children crossing the way near school|Speed limit zone;10/06/2022;108604.717;196158.102
1943;2882575;F3a | F4b;Gent,Sint-Amandsberg;End of speed limit zone;10/06/2022;107804.622;195288.102
1946;2882590;F3a | F4b;Gent,Oostakker;End of speed limit zone;10/06/2022;109294.752;196866.195
1947;2882594;C1;;One-way street;10/06/2022;108681.656;196223.683
1948;2882595;B1;;Give way;10/06/2022;108681.656;196223.683
1950;2882605;F3a | F4b;Gent,Sint-Amandsberg;End of speed limit zone;10/06/2022;110104.977;195667.92
1951;2882610;A23 | F4a | F1a;Sint-Amandsberg,Gent;School children crossing the way near school|Speed limit zone;10/06/2022;108605.249;196140.401
1952;2882611;F4b;;End of speed limit zone;10/06/2022;109955.034;196636.295
1953;2882617;F19 | M5;;One-way street|Not oneway for bicycles and mofas;10/06/2022;108782.17;196346.82
1954;2882620;F4a | F1a;Sint-Amandsberg,Gent;Speed limit zone;10/06/2022;107790.361;195272.192
1955;2882626;C3 | GIV;UITGEZONDERD,PLAATSELIJK VERKEER;All vehicles prohibited;10/06/2022;108920.056;195865.329
1957;2882636;F4b;;End of speed limit zone;10/06/2022;107665.483;194873.324
1959;2882641;F4a | F1a;Sint-Amandsberg,Gent;Speed limit zone;10/06/2022;108269.413;195866.842
1960;2882644;F4a | F1a;Oostakker,Gent;Speed limit zone;10/06/2022;109284.504;196858.828
1961;2882648;B1;;Give way;10/06/2022;108690.481;196216.606
1962;2882649;C1;;One-way street;10/06/2022;108690.481;196216.606
1963;2882654;F4a | F1a;Sint-Amandsberg,Gent;Speed limit zone;10/06/2022;108112.192;195776.028
1964;2882657;B1;;Give way;10/06/2022;110101.818;195668.136
1965;2882662;A39 | C43 (zone) | F1a;30|Sint-Amandsberg,Gent;Bidirectional traffic;10/06/2022;108844.827;196479.888
1967;2882674;F4a | E1 | GXa;;Speed limit zone|No Parking;10/06/2022;108455.942;196010.872
1968;2882677;B15a | F4a | F1a;Sint-Amandsberg,Gent;Speed limit zone;10/06/2022;108677.608;196229.422
1970;2882681;B1;;Give way;10/06/2022;108533.76;195922.152
1972;2882691;B1 | F3a | F4b;Gent,Sint-Amandsberg;Give way|End of speed limit zone;10/06/2022;108113.83;195786.796
1973;2882694;F3a | F4b;Gent,Sint-Amandsberg;End of speed limit zone;10/06/2022;108890.162;196513.036
1976;2882707;F4b | F3a;Gent,Sint-Amandsberg;End of speed limit zone;10/06/2022;108683.824;196238.688
1977;2882710;C43 | F3a;50|Gent,Sint-Amandsberg;Speed limit;10/06/2022;110348.219;195792.035
1978;2882873;B1;;Give way;09/08/2022;64670.94;202811.71
1979;2883418;C1;;One-way street;08/07/2022;67890.68;210839.4
1983;2883849;F19 | M17 | E9a | GIII | GXa;;One-way street|Parking;10/08/2022;104912.254;193713.751
1984;2884157;A21 | A51 | GIII;RUITERS;Pedestrian crossing|General danger;11/08/2022;76228.477;200479.164
1988;2929403;F4a;;Speed limit zone;10/06/2022;110326.526;195790.449
1989;2929409;F4a;;Speed limit zone;10/06/2022;107669.61;194864.752
1990;2929416;A25 | GIa;50m;Bicycle crossing;10/06/2022;107609.893;194853.964
1992;2929459;F3a | F4b;Gent,Sint-Amandsberg;End of speed limit zone;10/06/2022;110104.977;195667.92
1993;2929468;F4a | F1a;Sint-Amandsberg,Gent;Speed limit zone;10/06/2022;107790.361;195272.192
1994;2929472;F3a | F4b;Gent,Sint-Amandsberg;End of speed limit zone;10/06/2022;110327.276;195784.949
1995;2929554;F4a;;Speed limit zone;10/06/2022;110111.317;195674.757
1996;2929561;B1;;Give way;10/06/2022;108533.76;195922.152
1997;2929578;C43;50;Speed limit;10/06/2022;110348.219;195792.035
2001;2943751;B1;;Give way;10/06/2022;168159.188;216687.063
2002;2944994;B1;;Give way;12/08/2022;205872.781;167361.813
2006;2945441;B1;;Give way;09/06/2022;223102.589;178602.59
2009;2945894;F4b | F111 (zone);"ja,F111,[""400x600""],";End of speed limit zone;08/09/2022;68205.75;170692.15
2010;2945900;F4a | F111 (zone);"neen,F111,[""400x600""],";Speed limit zone;08/09/2022;68202.23;170703.28
2011;2945924;C11;;Bicycles prohibited;08/09/2022;167251.027;205050.589
2019;2945958;C21 (zone) | F45b;"neen,C21,[""400"",3.5],Uitgezonderd bus en  laden en lossen";No exit, except for bicycle;08/09/2022;167025.048;204951.673
2020;2945973;GIa | A25;m,10;Bicycle crossing;08/09/2022;198499.89;185959.1
2022;2946019;F12b;;End of Living street;12/09/2022;191360.75;223783.375
2023;2946027;F45b | F12a;;No exit, except for bicycle|Living street;12/09/2022;191366.5;223784.375
2030;2946255;A14;;Speed bump;09/09/2022;166995.7;203396.821
2039;2946323;C43;50;Speed limit;08/09/2022;65819.204;205226.593
2040;2946393;F19;;One-way street;09/09/2022;155570.688;221007.906
2041;2946394;C1;;One-way street;09/09/2022;155565.812;221004.656
2042;2946395;C1;;One-way street;09/09/2022;155555.812;220997.406
2043;2946396;F19;;One-way street;09/09/2022;155550.312;220993.781
2046;2947147;F4b;;End of speed limit zone;09/09/2022;104331.091;196312.285
2047;2947148;F4a;;Speed limit zone;09/09/2022;104328.154;196317.286
2048;2947173;F4b;;End of speed limit zone;08/09/2022;105913.942;191712.978
2049;2947175;B1 | F4b;;Give way|End of speed limit zone;08/09/2022;105882.07;191724.817
2050;2947177;F12b | F4a;;End of Living street|Speed limit zone;08/09/2022;105871.301;192156.421
2051;2947180;F4b | FtsRt;LF 30b,Deltaroute,Schelde-,sy-S302;End of speed limit zone;08/09/2022;105947.782;192535.157
2052;2947181;F4a;;Speed limit zone;08/09/2022;105904.321;191720.628
2053;2947185;F4a;;Speed limit zone;08/09/2022;105917.051;191709.208
2054;2947189;C3 | M11;;All vehicles prohibited|Only applies to link road;08/09/2022;105853.933;192158.514
2055;2947191;F4a | F33a;Centrum;Speed limit zone;08/09/2022;105884.79;191722.31
2056;2947192;F4b;;End of speed limit zone;08/09/2022;105913.942;191712.978
2057;2947194;B1 | F4b;;Give way|End of speed limit zone;08/09/2022;105882.07;191724.817
2058;2947199;C3 | M12 Klein | GVIIa | F4a;UITGEZONDERD HULP,,EN GEMEENTELIJKE,DIENSTEN;All vehicles prohibited|Speed limit zone;08/09/2022;105942.05;192537.769
2060;2947203;F4a;;Speed limit zone;08/09/2022;105917.051;191709.208
2061;2947205;F4a | F33a;Centrum;Speed limit zone;08/09/2022;105884.79;191722.31
2062;2947209;C3 | M11 Klein | F12a | F4b;;All vehicles prohibited|Living street|End of speed limit zone;08/09/2022;105872.041;192160.019
2064;2947444;B5;;Stop sign;09/08/2022;69773.583;211069.047
2065;2948067;F19 | M17 Klein | E1 | GXd;;One-way street|No Parking;12/09/2022;104091.474;193723.343
2066;2948330;C43;Neen,50;Speed limit;09/08/2022;191923.344;166187.406
2067;2948331;C43;Neen,50;Speed limit;09/08/2022;191906.219;166213.906
2068;2948332;C43;Neen,50;Speed limit;09/08/2022;192270.094;166211.656
2069;2948333;C43;Neen,50;Speed limit;09/08/2022;192241.094;166223.281
2070;2948334;C43;Neen,50;Speed limit;09/08/2022;192600.969;166137.156
2071;2948335;C43;Neen,50;Speed limit;09/08/2022;192595.219;166175.156
2072;2948336;C43;Neen,50;Speed limit;09/08/2022;192651.219;166076.031
2073;2948337;C43;Neen,50;Speed limit;09/08/2022;192638.969;166050.531
2074;2948338;C43;Neen,50;Speed limit;09/08/2022;192630.969;165928.531
2075;2948339;C43;Neen,50;Speed limit;09/08/2022;192651.594;165940.906
2076;2948340;C43;Neen,50;Speed limit;09/08/2022;192597.719;165838.906
2077;2948341;C43;Neen,50;Speed limit;09/08/2022;192531.875;165616.75
2078;2948342;C43;Neen,50;Speed limit;09/08/2022;192621.344;165852.031
2079;2948346;C43;Neen,50;Speed limit;09/08/2022;192558.094;165739.531
2080;2948413;C3 | GIV | M3bis;UITGEZONDERD ,VERGUNNINGHOUDERS|S148,S147,UITGEZONDERD,   ;All vehicles prohibited;08/09/2022;105227.244;193514.431
2081;2948416;C3 | GIV | M3bis;UITGEZONDERD BUS, TAXI EN,PRIORITAIRE VOERTUIGEN|S148,S147,UITGEZONDERD,   ;All vehicles prohibited;08/09/2022;105227.244;193514.431
2083;2948432;C1 | GV | M11;,,UITGEZONDERD,BUS;One-way street|Only applies to link road;08/09/2022;105305.411;193357.526
2084;2948486;C3 | GIII | F12a | F113;UITGEZONDERD,,en vergunninghouders,van 18u - 11u,S148,S147,A, P;All vehicles prohibited|Living street;08/09/2022;104868.652;193765.977
2085;2948488;F111 | F12b;;Bicycle road|End of Living street;08/09/2022;104868.652;193765.977
2091;2949770;F49 | F50;;Pedestrian crossing|Bicycle crossing;12/09/2022;106733.75;192705.45
2092;2949840;C3 | M12 Klein | GV;UITGEZONDERD,,DIENSTEN;All vehicles prohibited;12/09/2022;107520.897;192138.522
2106;2951520;GVIII | B1;3,van boven naar links,onder;Give way;11/02/2022;65069.5;181881.084
2110;2953278;B1;;Give way;12/05/2022;187253.64;210717.68
2111;2953304;F45b;;No exit, except for bicycle;09/05/2022;192820.0;215153.6
2112;2953305;F45b;;No exit, except for bicycle;09/05/2022;193106.22;215336.99
2113;2953307;F45b;;No exit, except for bicycle;09/05/2022;192977.38;215256.3
2114;2953443;B1;;Give way;10/02/2022;105416.09;176188.714
2116;2953923;C5-C7;;Motorcars and motorcycles prohibited;09/09/2022;103249.816;191352.794
2117;2954098;F19 | M18;;One-way street;09/09/2022;63292.532;181735.183
2118;2954162;F4b;;End of speed limit zone;01/03/2023;63430.752;182451.427
2122;2956588;F4b | B1;;End of speed limit zone|Give way;01/01/2023;64014.578;182437.781
2123;2956776;F4b | F3a;Gent,Oostakker;End of speed limit zone;10/06/2022;109294.752;196866.195
2125;2957295;M7 | D7 | 25kmu;;Mopeds Class B forbidden on cycleway;11/05/2022;153069.53;207315.379
2126;2957317;M11 | C1;;Only applies to link road|One-way street;11/05/2022;151594.149;208918.707
2127;2957345;F4a;;Speed limit zone;11/05/2022;153271.452;207417.006
2128;2957348;F4b | B1;;End of speed limit zone|Give way;11/05/2022;153132.186;207335.21
2130;2957380;M7 | 25kmu | D7;;Mopeds Class B forbidden on cycleway;11/05/2022;153399.549;207480.709
2131;2957458;C1 | M11;;One-way street|Only applies to link road;11/05/2022;151733.756;208810.906
2132;2957488;C1 | M11;;One-way street|Only applies to link road;11/05/2022;151551.676;209097.182
2136;2958307;C1 | M11;stemp,UITGEZONDERD,S221,P;One-way street|Only applies to link road;08/07/2022;150868.422;212779.579
2137;2958309;C1 | M11;stemp,UITGEZONDERD,S221, P;One-way street|Only applies to link road;08/07/2022;151020.534;212768.145
2138;2958355;C1 | M11;stemp,UITGEZONDERD,S221,P;One-way street|Only applies to link road;08/07/2022;150812.217;212800.928
2140;2958616;F12a;;Living street;08/04/2022;149788.44;212165.584
2141;2958618;F12b;;End of Living street;08/04/2022;149680.696;212163.476
2142;2958619;F12a;;Living street;08/04/2022;149682.172;212151.194
2145;2960150;C43 | GVI;Neen,50;Speed limit;08/07/2022;252096.79;160574.2
2146;2961475;F4a;;Speed limit zone;09/10/2022;103226.662;191907.573
2147;2961490;F4b;;End of speed limit zone;09/10/2022;103221.371;191906.25
2157;2962086;B1;;Give way;10/10/2022;155735.375;191645.438
2159;2962127;B9 | C43 | F13;Neen,90|3,rechts,geen pijl,geen pijl,stippellijn;Priority road|Speed limit;10/10/2022;218334.938;181565.656
2160;2962131;GIa | A25;m,120;Bicycle crossing;10/10/2022;50188.438;185206.063
2161;2962145;GIa | A25;m,100;Bicycle crossing;10/10/2022;50187.438;185445.563
2166;2962889;C43;Neen,50;Speed limit;11/10/2022;242008.625;204469.0
2167;2962890;C43;Neen,50;Speed limit;11/10/2022;242011.125;204456.125
2171;2962962;GIa | A25;m,50;Bicycle crossing;11/10/2022;56971.313;191052.5
2172;2962982;GIa | A25;m,50;Bicycle crossing;11/10/2022;57260.063;191144.75
2173;2963000;A25 | GIa;m,40;Bicycle crossing;10/10/2022;51389.313;190341.0
2174;2963002;GIa | A25;m,40;Bicycle crossing;10/10/2022;51440.563;190295.125
2175;2963080;GIa | A14;m,50;Speed bump;11/10/2022;59576.375;220858.188
2177;2963427;B1;;Give way;11/10/2022;155709.984;191611.547
2178;2963502;C43 (zone) | C21 | GIV;"neen,C43,[""400"",""Neen"",""50""],|3.5|Tekst,UITGEZONDERD PLAATSELIJK VERKEER";Weight limit;11/05/2022;238099.812;193370.969
2179;2963637;B1;;Give way;11/10/2022;93663.156;179001.636
2180;2963644;GIa | A25;m,30;Bicycle crossing;11/10/2022;43541.5;169711.0
2181;2963688;GIa | A25;m,40;Bicycle crossing;10/10/2022;51440.563;190295.125
2182;2963690;A25 | GIa;m,40;Bicycle crossing;10/10/2022;51389.313;190341.0
2183;2963954;GVIIa | M12 Klein | F12a | C3;UITGEZONDERD,,LEVERINGEN KETELVEST;Living street|All vehicles prohibited;11/10/2022;104603.339;193392.697
2184;2963956;E9a | M1;;Parking|Only for bicycles;11/10/2022;104557.245;193353.006
2185;2963959;F49;;Pedestrian crossing;11/10/2022;104445.573;193899.613
2186;2963976;C3 | GIV | F12a | F19 | M18;UITGEZONDERD ,PLAATSELIJK VERKEER;All vehicles prohibited|Living street|One-way street;11/10/2022;104616.918;193316.95
2188;2964022;B1;;Give way;09/05/2022;103095.743;192930.35
2189;2964023;B1;;Give way;09/05/2022;103141.507;192931.609
2191;2964053;C35 | E1 | GXd;;No overtaking|No Parking;08/09/2022;102542.044;192383.338
2192;2964059;C3 | M11 | F113 (zone);;All vehicles prohibited|Only applies to link road;08/09/2022;103851.491;191820.822
2194;2964068;B1 | D1e | M12 | F111 (zone);;Give way;08/09/2022;103934.193;191778.989
2196;2964079;D10;;Pedestrian and bicycle path;08/09/2022;102631.378;192560.577
2199;2964097;A51 | GII | C43 | GIV;SNELHEIDSREMMER,300m|50|HERHALING;General danger|Speed limit;08/09/2022;102318.234;192032.24
2200;2964102;C25 | F19;7m;Length limit|One-way street;08/09/2022;103671.189;191810.63
2201;2964114;B1;;Give way;08/09/2022;102381.675;192145.998
2202;2964119;A51 | D7 | GIV | C35;SNELHEIDSREMMER,75m;General danger|No overtaking;08/09/2022;102526.619;192370.102
2203;2964120;B1;;Give way;08/09/2022;102526.619;192370.102
2204;2964125;C43 | GVI;50|HERHALING;Speed limit;08/09/2022;102558.117;192428.172
2206;2964145;C35 | E1 | GXa;;No overtaking|No Parking;08/09/2022;102322.452;192041.383
2207;2964154;C3 | M12 Klein;;All vehicles prohibited;08/09/2022;102496.512;192387.606
2208;2964157;F49 | F50;;Pedestrian crossing|Bicycle crossing;09/10/2022;103544.745;191159.092
2210;2964162;M12 Klein | C3;;All vehicles prohibited;08/09/2022;102499.513;192303.589
2211;2964168;F19 | M18 | F113;;One-way street;08/09/2022;103847.998;191809.771
2216;2964275;A14;;Speed bump;11/10/2022;86604.906;193728.625
2217;2964276;F87;;Speed bump;11/10/2022;86648.063;193586.188
2218;2964400;F4b;;End of speed limit zone;12/10/2022;52575.062;211054.875
2221;2964474;C43;Neen,30;Speed limit;12/10/2022;51176.438;211262.438
2231;2964812;C43;Neen,70;Speed limit;12/10/2022;192035.75;192731.5
2232;2965094;C43;Neen,50;Speed limit;12/10/2022;240120.0;204389.5
2233;2965096;C43;Neen,50;Speed limit;12/10/2022;240120.0;204403.0
2234;2965105;C43;Neen,50;Speed limit;12/10/2022;240555.0;204417.5
2235;2965106;C43;Neen,50;Speed limit;12/10/2022;240556.75;204404.5
2236;2965111;C43;Neen,50;Speed limit;12/10/2022;241465.25;204385.0
2237;2965115;C43;Neen,50;Speed limit;12/10/2022;241464.0;204396.75
2239;2965197;F4b | C21 (zone);"ja,C21,[""400"",3.5],";End of speed limit zone;12/10/2022;47859.375;213886.875
2244;2966572;B1 | D1e | M12 | F111 (zone);;Give way;10/06/2022;103805.257;198057.715
2246;2966584;B1 | D1e | M12 | F111 (zone);;Give way;10/06/2022;103797.76;198222.844
2250;2966607;C21 | GIV | F113 (zone);5;Weight limit;10/06/2022;103803.879;198464.526
2251;2966610;B1 | F111 (zone);;Give way;10/06/2022;103821.534;198301.417
2252;2966614;C1 | M12;;One-way street;10/06/2022;103812.95;198051.722
2254;2966619;C1 | M12;;One-way street;10/06/2022;103803.373;198218.085
2256;2966627;B1 | F111 (zone);;Give way;10/06/2022;103800.258;198472.109
2257;2966632;F19 | M18 | F113 (zone);;One-way street;10/06/2022;103811.259;198290.288
2259;2966637;F19 | M18;;One-way street;10/06/2022;103820.338;198069.089
2260;2966639;B1 | F111 (zone);;Give way;10/06/2022;103777.947;198495.951
2261;2966643;C1 | M12;;One-way street;10/06/2022;103818.297;197964.443
2266;2966661;F19 | M18;;One-way street;10/06/2022;103825.854;197983.98
2268;2966930;A14;;Speed bump;11/10/2022;86626.688;193322.563
2269;2966964;F87;;Speed bump;11/10/2022;86670.125;193454.813
2270;2967388;C43;Neen,50;Speed limit;12/10/2022;240120.0;204403.0
2271;2967389;C43;Neen,50;Speed limit;12/10/2022;240120.0;204389.5
2274;2967406;C43;Neen,50;Speed limit;12/10/2022;241464.0;204396.75
2276;2967411;C43;Neen,50;Speed limit;12/10/2022;241465.25;204385.0
2277;2967445;C43;Neen,50;Speed limit;11/10/2022;242011.125;204456.125
2278;2967447;C43;Neen,50;Speed limit;11/10/2022;242008.625;204469.0
2279;2967458;C43;Neen,50;Speed limit;12/10/2022;240556.75;204404.5
2280;2967459;C43;Neen,50;Speed limit;12/10/2022;240555.0;204417.5
2282;2967641;C43 | B9;Neen,90;Speed limit|Priority road;12/10/2022;218446.563;181502.625
2287;2969827;F4a;;Speed limit zone;09/10/2022;155533.375;178687.562
2288;2969829;F4b;;End of speed limit zone;09/10/2022;155535.594;178684.656
2290;2970472;F12a;;Living street;10/10/2022;103726.312;192482.52
2292;2970504;B1 | D1f | M12 | Reflecterende koker;;Give way;10/10/2022;103794.609;192488.428
2297;2972924;B9 | C43;Neen,70;Priority road|Speed limit;11/10/2022;84753.524;173950.085
2299;2972944;C1;;One-way street;11/10/2022;84782.03;173936.7
2300;2972947;C1;;One-way street;11/10/2022;84777.72;173931.02
2302;2972974;C43 | B9;Neen,70;Speed limit|Priority road;11/10/2022;84762.49;173961.31
2303;2972977;B5 | D1a;;Stop sign;11/10/2022;84767.82;173925.17
2304;2972982;B5 | D1e;;Stop sign;11/10/2022;84802.89;173902.94
2305;2972983;C1;;One-way street;11/10/2022;84802.89;173902.94
2306;2972988;F13 | B9 | C43;2,rechtdoor,rechtdoor en links,volle lijn|Neen,50;Priority road|Speed limit;11/10/2022;84814.29;173891.11
2309;2973044;F13 | C43 | B9;2,rechtdoor,rechtdoor en links,volle lijn|Neen,50;Speed limit|Priority road;11/10/2022;84806.54;173885.52
2310;2973055;C1;;One-way street;11/10/2022;84803.48;173882.82
2312;2973061;C1;;One-way street;11/10/2022;84783.53;173896.42
2314;2973075;D1a | B5;;Stop sign;11/10/2022;84759.62;173919.94
2315;2973079;C1;;One-way street;11/10/2022;84763.77;173929.72
2316;2973110;B1;;Give way;11/10/2022;84622.199;174036.71
2317;2973112;B1;;Give way;11/10/2022;84623.348;174038.249
2318;2973122;B1;;Give way;11/10/2022;84599.75;174044.64
2319;2973129;B1;;Give way;11/10/2022;84621.042;174077.19
2320;2973140;C43 | B9;Neen,70;Speed limit|Priority road;11/10/2022;84632.41;174042.64
2321;2973164;C11 | C43 | B9;Neen,70;Bicycles prohibited|Speed limit|Priority road;11/10/2022;84633.27;174034.03
2326;2975856;B1 | C43 (zone);"ja,C43,[""400"",""Neen"",""50""],";Give way;08/08/2022;182723.5;187856.969
2327;2975858;F45b | C43 (zone);"neen,C43,[""400"",""Neen"",""50""],";No exit, except for bicycle;08/08/2022;182715.875;187847.031
2328;2975873;M3 | F1a | C3 | XX;Aarschot,|Uitgezonderd plaatselijk  verkeer;Except for bicycles and mopeds|All vehicles prohibited;12/08/2022;182441.18;187828.93
2329;2976183;C43 | F45;Neen,50|Geen;Speed limit|No exit;09/08/2022;186647.531;190209.156
2330;2977244;C21 | GIV;3|UITGEZONDERD,PLAATSELIJKE BEDIENING;Weight limit;09/08/2022;103381.723;192239.261
2331;2977271;C21 | GIV;3|UITGEZONDERD,PLAATSELIJKE BEDIENING;Weight limit;09/08/2022;103404.57;192228.031
2334;2977761;B5;;Stop sign;12/05/2022;221977.125;179109.688
2337;2978187;F27 | F49;S343,A49;Pedestrian crossing;11/01/2022;103843.406;194453.406
2339;2978210;B1;;Give way;09/05/2022;103245.939;192919.339
2342;2978226;B1;;Give way;09/05/2022;103118.761;192931.276
2346;2978240;B1;;Give way;09/05/2022;103222.046;192924.68
