bordId;datumPlaat_v2;aanzichtid_v2;opstelling_v2;copyDatum_v2;xcoord_v2;ycoord_v2;bordcode;parameters_v2;name;help;wiki;key;value;confusion_possible
2621411;8/18/2021;1736987;1226275;9/16/2021;41687,3436999992;209476,093699999;A14; ;Speed bump; ;Key:traffic_calming;traffic_calming;bump; 
2629464;9/1/2021;1741763;1227889;9/16/2021;205182,7601;198910,2401;A14; ;Speed bump; ;Key:traffic_calming;traffic_calming;bump; 
2631119;9/6/2021;1742717;1228318;9/16/2021;105669,250699997;191693,036899999;A14; ;Speed bump; ;Key:traffic_calming;traffic_calming;bump; 
2631569;9/15/2021;1742984;1228410;9/16/2021;39307,5724999979;208412,960099999;A14; ;Speed bump; ;Key:traffic_calming;traffic_calming;bump; 
2635573;8/24/2021;1745052;1229134;9/16/2021;102829,270900004;195876,0759;A14; ;Speed bump; ;Key:traffic_calming;traffic_calming;bump; 
2638004;9/15/2021;1746322;1229651;9/16/2021;156055,390100002;230223,220100001;A14; ;Speed bump; ;Key:traffic_calming;traffic_calming;bump; 
2638015;9/15/2021;1746329;1229655;9/16/2021;156123,060099997;230136,500100002;A14; ;Speed bump; ;Key:traffic_calming;traffic_calming;bump; 
2638025;9/15/2021;1746336;1229659;9/16/2021;156035,910099998;230152,030099999;A14; ;Speed bump; ;Key:traffic_calming;traffic_calming;bump; 
2638428;9/15/2021;1746560;1229717;9/16/2021;54285,8575000018;190820,9175;A14; ;Speed bump; ;Key:traffic_calming;traffic_calming;bump; 
2638448;9/15/2021;1746571;1229721;9/16/2021;51303,2700999975;192082,4201;A14; ;Speed bump; ;Key:traffic_calming;traffic_calming;bump; 
2635705;9/6/2021;1745131;1229184;9/16/2021;103413,227499999;187085,352499999;A25; ;Bicycle crossing; ; ;bicycle;yes; 
2629194;8/31/2021;1741648;806464;9/16/2021;81321,0350999981;192875,252099998;A7a; ;Road narrows; ;Key:traffic_calming;traffic_calming;choker; 
2629205;8/31/2021;1741652;806475;9/16/2021;81209,1991000026;192828,349100001;A7a; ;Road narrows; ;Key:traffic_calming;traffic_calming;choker; 
2629236;8/31/2021;1741662;806461;9/16/2021;81426,6530999988;192942,2881;A7a; ;Road narrows; ;Key:traffic_calming;traffic_calming;choker; 
2635532;8/24/2021;1745033;1207247;9/16/2021;102676,028099999;196286,0471;A7a; ;Road narrows; ;Key:traffic_calming;traffic_calming;choker; 
2635568;8/24/2021;1745050;1207592;9/16/2021;102531,195100002;196524,611099999;A7a; ;Road narrows; ;Key:traffic_calming;traffic_calming;choker; 
2635739;9/6/2021;1745154;1229187;9/16/2021;103413,9683;187094,5601;A7c; ;Road narrows left; ;Key:traffic_calming;traffic_calming;choker; 
2637362;9/15/2021;1746008;1229532;9/16/2021;155845,350100003;229947,410100002;A7c; ;Road narrows left; ;Key:traffic_calming;traffic_calming;choker; 
2625236;8/25/2021;1739315;1227088;9/16/2021;41716,1875;209985,375100002;B1; ;Give way; ;Key:give_way; ; ;1
2625243;8/25/2021;1739322;1227090;9/16/2021;41674,2501000017;209948,8125;B1; ;Give way; ;Key:give_way; ; ;1
2626419;8/25/2021;1739984;1226929;9/16/2021;67794,4231000021;209327,894099999;B1; ;Give way; ;Key:give_way; ; ;1
2626763;8/27/2021;1740191;1227397;9/16/2021;88791,0900999978;165708,270100001;B1; ;Give way; ;Key:give_way; ; ;1
2626991;8/29/2021;1740312;1227441;9/16/2021;173930,271899998;182444,335299999;B1; ;Give way; ;Key:give_way; ; ;1
2627081;8/29/2021;1740361;1227464;9/16/2021;176877,271899998;183545,460299999;B1; ;Give way; ;Key:give_way; ; ;1
2627082;8/29/2021;1740362;1227465;9/16/2021;176883,896899998;183550,772700001;B1; ;Give way; ;Key:give_way; ; ;1
2627151;8/29/2021;1740403;1227477;9/16/2021;175966,5845;183729,022700001;B1; ;Give way; ;Key:give_way; ; ;1
2627179;8/29/2021;1740418;1227485;9/16/2021;176234,271899998;184170,022700001;B1; ;Give way; ;Key:give_way; ; ;1
2627184;8/29/2021;1740423;1227490;9/16/2021;173278,5845;184775,460299999;B1; ;Give way; ;Key:give_way; ; ;1
2627205;8/29/2021;1740439;1227503;9/16/2021;172868,7095;184595,647700001;B1; ;Give way; ;Key:give_way; ; ;1
2627209;8/29/2021;1740443;1227507;9/16/2021;173848,4595;184970,022700001;B1; ;Give way; ;Key:give_way; ; ;1
2627352;8/30/2021;1740511;1227541;9/16/2021;174839,375100002;182664,593699999;B1; ;Give way; ;Key:give_way; ; ;1
2627693;8/30/2021;1740710;1227605;9/16/2021;82220,6900999993;192269,9001;B1; ;Give way; ;Key:give_way; ; ;1
2628385;8/30/2021;1741187;1227641;9/16/2021;82568,3400999978;192754,680100001;B1; ;Give way; ;Key:give_way; ; ;1
2629013;9/1/2021;1741567;1227802;9/16/2021;207049,2601;199505,9901;B1; ;Give way; ;Key:give_way; ; ;1
2629030;8/31/2021;1741577;1227807;9/16/2021;81536,1101000011;192974,800099999;B1; ;Give way; ;Key:give_way; ; ;1
2630016;9/2/2021;1742068;806955;9/16/2021;82914,5341000035;193891,8981;B1; ;Give way; ;Key:give_way; ; ;1
2630120;9/2/2021;1742178;1228077;9/16/2021;80712,9301000014;193814,0601;B1; ;Give way; ;Key:give_way; ; ;1
2630147;9/1/2021;1742200;1228088;9/16/2021;82832,2600999996;192803,1501;B1; ;Give way; ;Key:give_way; ; ;1
2630180;9/2/2021;1742227;1228100;9/16/2021;83233,5100999996;192979,860100001;B1; ;Give way; ;Key:give_way; ; ;1
2630346;9/2/2021;1742341;1228139;9/16/2021;81194,6701000035;193826,250100002;B1; ;Give way; ;Key:give_way; ; ;1
2630536;9/2/2021;1742432;996205;9/16/2021;80407,3436999992;194677,6875;B1; ;Give way; ;Key:give_way; ; ;1
2631043;9/2/2021;1742665;1227737;9/16/2021;78560,2215000018;202258,7991;B1; ;Give way; ;Key:give_way; ; ;1
2631233;9/7/2021;1742793;1228349;9/16/2021;69452,4375;211462,500100002;B1; ;Give way; ;Key:give_way; ; ;1
2631781;9/8/2021;1743146;1228451;9/16/2021;164783,148699999;182101,895100001;B1; ;Give way; ;Key:give_way; ; ;1
2631946;9/8/2021;1743249;1225968;9/16/2021;70019,9913000017;203289,0299;B1; ;Give way; ;Key:give_way; ; ;1
2632609;9/6/2021;1743589;1228273;9/16/2021;76275,8605000004;200556,166900001;B1; ;Give way; ;Key:give_way; ; ;1
2633929;9/10/2021;1744138;1228830;9/16/2021;55188,4375;202826,5625;B1; ;Give way; ;Key:give_way; ; ;1
2635225;8/31/2021;1744859;1199858;9/16/2021;106338,041299999;193816,816100001;B1; ;Give way; ;Key:give_way; ; ;1
2635466;9/3/2021;1745001;1229106;9/16/2021;102510,566500001;194094,8565;B1; ;Give way; ;Key:give_way; ; ;1
2635698;8/30/2021;1745128;1209324;9/16/2021;104361,646899998;189090,270300001;B1; ;Give way; ;Key:give_way; ; ;1
2635824;9/3/2021;1745204;1229212;9/16/2021;105708,871100001;191332,668099999;B1; ;Give way; ;Key:give_way; ; ;1
2636459;9/14/2021;1745493;1229321;9/16/2021;206137,963699996;200285,3101;B1; ;Give way; ;Key:give_way; ; ;1
2636645;9/14/2021;1745594;1229374;9/16/2021;119485,670100003;193020,460099999;B1; ;Give way; ;Key:give_way; ; ;1
2636648;9/14/2021;1745595;1229375;9/16/2021;119520,795100003;192988,710099999;B1; ;Give way; ;Key:give_way; ; ;1
2636730;9/15/2021;1745636;1229394;9/16/2021;105293,520099998;209980,0801;B1; ;Give way; ;Key:give_way; ; ;1
2636734;9/15/2021;1745639;1229397;9/16/2021;105569,490099996;210152,7601;B1; ;Give way; ;Key:give_way; ; ;1
2636847;9/15/2021;1745712;1229414;9/16/2021;159597,670100003;205402,030099999;B1; ;Give way; ;Key:give_way; ; ;1
2636995;9/14/2021;1745804;1229447;9/16/2021;119520,795100003;192988,710099999;B1; ;Give way; ;Key:give_way; ; ;1
2636998;9/14/2021;1745807;1229448;9/16/2021;119485,670100003;193020,460099999;B1; ;Give way; ;Key:give_way; ; ;1
2637280;9/15/2021;1745945;1229502;9/16/2021;156850,800099999;229869,730099998;B1; ;Give way; ;Key:give_way; ; ;1
2637800;8/24/2021;1746200;1213602;9/16/2021;107431,786499999;191514,2907;B1; ;Give way; ;Key:give_way; ; ;1
2637801;8/24/2021;1746201;1229599;9/16/2021;107454,078900002;191398,818300001;B1; ;Give way; ;Key:give_way; ; ;1
2637910;9/16/2021;1746261;1229614;9/16/2021;76995,4301000014;174340,790100001;B1; ;Give way; ;Key:give_way; ; ;1
2637912;9/16/2021;1746262;1229615;9/16/2021;77241,1801000014;174177,210099999;B1; ;Give way; ;Key:give_way; ; ;1
2637927;9/16/2021;1746270;1229620;9/16/2021;76975,2300999984;174313,5101;B1; ;Give way; ;Key:give_way; ; ;1
2637946;9/16/2021;1746284;57783;9/16/2021;207720,687899999;168622,991900001;B1; ;Give way; ;Key:give_way; ; ;1
2638039;9/16/2021;1746343;1229662;9/16/2021;77001,4900999963;174178,2601;B1; ;Give way; ;Key:give_way; ; ;1
2638089;9/16/2021;1746376;1229674;9/16/2021;207668,469099998;168500,804499999;B1; ;Give way; ;Key:give_way; ; ;1
2638570;9/16/2021;1746652;1229770;9/16/2021;160095,2685;177143,572900001;B1; ;Give way; ;Key:give_way; ; ;1
2638653;9/16/2021;1746700;1229796;9/16/2021;82544,5900999978;174960,320099998;B1; ;Give way; ;Key:give_way; ; ;1
2630146;9/3/2021;1742197;1228086;9/16/2021;81136,1600999981;193722,370099999;B5; ;Stop sign; ;Key:stop; ; ;1
2630195;9/1/2021;1742250;1228112;9/16/2021;155643,552699998;178561,660300002;B5; ;Stop sign; ;Key:stop; ; ;1
2634002;9/13/2021;1744185;1228839;9/16/2021;50059,6251000017;186196,281300001;B5; ;Stop sign; ;Key:stop; ; ;1
2638146;9/16/2021;1746416;59488;9/16/2021;207652,687899999;168422,710700002;B5; ;Stop sign; ;Key:stop; ; ;1
2600760;9/1/2021;1724809;1222667;9/16/2021;30650,6251000017;200523,750100002;C1; ;One-way street; ;Key:oneway; ; ;1
2625261;8/25/2021;1739337;1227099;9/16/2021;41676,6251000017;209946,5625;C1; ;One-way street; ;Key:oneway; ; ;1
2626453;8/26/2021;1740004;1227345;9/16/2021;173937,3125;182461,093699999;C1; ;One-way street; ;Key:oneway; ; ;1
2627114;8/29/2021;1740381;1227470;9/16/2021;176627,7095;181884,585299999;C1; ;One-way street; ;Key:oneway; ; ;1
2627165;8/29/2021;1740410;1227480;9/16/2021;176090,771899998;183834,960299999;C1; ;One-way street; ;Key:oneway; ; ;1
2627279;8/30/2021;1740479;1227530;9/16/2021;176285,031300001;181859,093699999;C1; ;One-way street; ;Key:oneway; ; ;1
2627321;8/30/2021;1740497;1227533;9/16/2021;173886,6875;182710,093699999;C1; ;One-way street; ;Key:oneway; ; ;1
2627342;8/30/2021;1740507;1227538;9/16/2021;174795,125100002;182796,156300001;C1; ;One-way street; ;Key:oneway; ; ;1
2630025;9/3/2021;1742073;1228034;9/16/2021;81176,4301000014;191429,410100002;C1; ;One-way street; ;Key:oneway; ; ;1
2630046;9/3/2021;1742090;1228041;9/16/2021;219692,656300001;180158,593699999;C1; ;One-way street; ;Key:oneway; ; ;1
2633285;9/10/2021;1743903;1228750;9/16/2021;88396,9900999963;202376,9201;C1; ;One-way street; ;Key:oneway; ; ;1
2633501;9/10/2021;1743977;1228777;9/16/2021;88173,4701000005;202525,720100001;C1; ;One-way street; ;Key:oneway; ; ;1
2633752;9/10/2021;1744040;1228799;9/16/2021;88147,1262999997;202524,648699999;C1; ;One-way street; ;Key:oneway; ; ;1
2635877;9/3/2021;1745234;1214847;9/16/2021;105160,235100001;191805,939100001;C1; ;One-way street; ;Key:oneway; ; ;1
2637923;9/16/2021;1746268;1229618;9/16/2021;77027,8400999978;174264,1701;C1; ;One-way street; ;Key:oneway; ; ;1
2637930;9/16/2021;1746271;1229621;9/16/2021;76970,9800999984;174307,290100001;C1; ;One-way street; ;Key:oneway; ; ;1
2638029;9/16/2021;1746338;1229660;9/16/2021;77057,2600999996;174239,660100002;C1; ;One-way street; ;Key:oneway; ; ;1
2621403;8/18/2021;1736980;1226272;9/16/2021;41631,0313000008;209423,281300001;C11; ;Bicycles prohibited; ;Key:bicycle; ; ;1
2621420;8/18/2021;1736993;1226278;9/16/2021;41537,2813000008;209656,5625;C11; ;Bicycles prohibited; ;Key:bicycle; ; ;1
2621936;8/19/2021;1737330;1226416;9/16/2021;250062,375100002;161394,750100002;C21;2;Weight limit; ;Key:maxweight; ; ;1
2621965;8/19/2021;1737350;1226421;9/16/2021;250059,625100002;161398,500100002;C21;2;Weight limit; ;Key:maxweight; ; ;1
2626454;8/26/2021;1740005;1227346;9/16/2021;173908,625100002;182582,906300001;C21;3.5;Weight limit; ;Key:maxweight; ; ;1
2627069;8/29/2021;1740356;1227461;9/16/2021;176580,271899998;182939,460299999;C21;3.5;Weight limit; ;Key:maxweight; ; ;1
2627079;8/29/2021;1740359;1227462;9/16/2021;176884,9595;183544,835299999;C21;3.5;Weight limit; ;Key:maxweight; ; ;1
2628438;8/30/2021;1741214;1227646;9/16/2021;176597,781300001;181929,4375;C21;3.5;Weight limit; ;Key:maxweight; ; ;1
2629039;8/31/2021;1741581;1227809;9/16/2021;81476,3000999987;192985,0601;C21;3.5;Weight limit; ;Key:maxweight; ; ;1
2629077;8/31/2021;1741608;788023;9/16/2021;79147,9201000035;196650,701099999;C21;5;Weight limit; ;Key:maxweight; ; ;1
2629093;8/31/2021;1741617;788022;9/16/2021;79124,4641000032;197244,838100001;C21;5;Weight limit; ;Key:maxweight; ; ;1
2629229;8/31/2021;1741659;995848;9/16/2021;81478,1251000017;192995,656300001;C21;3.5;Weight limit; ;Key:maxweight; ; ;1
2630152;9/1/2021;1742202;1228089;9/16/2021;82841,7400999963;192806,430100001;C21;3.5;Weight limit; ;Key:maxweight; ; ;1
2630159;9/2/2021;1742209;1228092;9/16/2021;84904,2600999996;193129,0601;C21;3.5;Weight limit; ;Key:maxweight; ; ;1
2630162;9/2/2021;1742212;1228094;9/16/2021;83093,0600999966;192904,0801;C21;3.5;Weight limit; ;Key:maxweight; ; ;1
2630167;9/3/2021;1742217;1228096;9/16/2021;83435,9800999984;192984,960099999;C21;3.5;Weight limit; ;Key:maxweight; ; ;1
2630177;9/2/2021;1742222;1228098;9/16/2021;83267,7201000005;192973,570099998;C21;3.5;Weight limit; ;Key:maxweight; ; ;1
2630179;9/3/2021;1742224;1228099;9/16/2021;83234,2300999984;192993,680100001;C21;3.5;Weight limit; ;Key:maxweight; ; ;1
2630187;9/2/2021;1742235;1228103;9/16/2021;83531,5200999975;194821,210099999;C21;"neen|C21|[""400"",3.5]|Uitgezonderd
plaatselijke
bediening";Weight limit; ;Key:maxweight; ; ;1
2630188;9/2/2021;1742237;1228104;9/16/2021;83527,0900999978;194838,450100001;C21;"ja|C21|[""400"",3.5]|Uitgezonderd
plaatselijke
bediening";Weight limit; ;Key:maxweight; ; ;1
2630237;9/2/2021;1742284;1221712;9/16/2021;78850,9697000012;196769,674899999;C21;3.5;Weight limit; ;Key:maxweight; ; ;1
2630448;9/2/2021;1742396;1228169;9/16/2021;78865,7400999963;196772,270100001;C21;3.5;Weight limit; ;Key:maxweight; ; ;1
2638723;9/16/2021;1746750;1229810;9/16/2021;81247,2101000026;175032,280099999;C21;5.5;Weight limit; ;Key:maxweight; ; ;1
2627686;8/30/2021;1740704;1227604;9/16/2021;82136,7801000029;192450,940099999;C23; ;Heavy goods vehicles prohibited; ;Key:hgv; ; ;1
2630012;9/2/2021;1742063;806864;9/16/2021;82554,9001000002;193472,0801;C23; ;Heavy goods vehicles prohibited; ;Key:hgv; ; ;1
2630111;9/1/2021;1742171;1228076;9/16/2021;80418,0100999996;194653,820099998;C23; ;Heavy goods vehicles prohibited; ;Key:hgv; ; ;1
2629902;9/2/2021;1742005;1228002;9/16/2021;146149,0079;157729,647100002;C25;10;Length limit; ;Key:maxlength; ; ;1
2633960;9/1/2021;1744152;421162;9/16/2021;70113,4601000026;211674,245099999;C25;8;Length limit; ;Key:maxlength; ; ;1
2634041;9/1/2021;1744211;1228851;9/16/2021;70122,8975000009;211880,495099999;C25;8;Length limit; ;Key:maxlength; ; ;1
2627094;8/29/2021;1740369;1227466;9/16/2021;84593,3751000017;200127,875100002;C29;2.8;Height limit; ;Key:maxheight; ; ;1
2630790;9/3/2021;1742537;1228215;9/16/2021;85022,7501000017;198222,031300001;C29;3.8;Height limit; ;Key:maxheight; ; ;1
2630894;9/3/2021;1742568;1228230;9/16/2021;85022,7501000017;198222,031300001;C29;3.8;Height limit; ;Key:maxheight; ; ;1
2624791;8/24/2021;1739058;1227011;9/16/2021;124224,9001;199323,0601;C3; ;All vehicles prohibited; ; ; ; ;1
2627102;8/29/2021;1740373;1227468;9/16/2021;177563,5845;182927,897700001;C3; ;All vehicles prohibited; ; ; ; ;1
2628817;8/31/2021;1741445;1227729;9/16/2021;184337,770099998;209238,340100002;C3; ;All vehicles prohibited; ; ; ; ;1
2628849;8/31/2021;1741462;1227741;9/16/2021;157941,950099997;209265,790100001;C3; ;All vehicles prohibited; ; ; ; ;1
2629070;8/31/2021;1741604;1221838;9/16/2021;80009,3652999997;197282,611499999;C3; ;All vehicles prohibited; ; ; ; ;1
2629292;8/31/2021;1741693;1227849;9/16/2021;81728,3901000023;192863,130100001;C3; ;All vehicles prohibited; ; ; ; ;1
2629617;9/1/2021;1741841;1227930;9/16/2021;148196,0625;194353,375100002;C3; ;All vehicles prohibited; ; ; ; ;1
2629815;9/1/2021;1741956;1227977;9/16/2021;148196,0625;194353,375100002;C3; ;All vehicles prohibited; ; ; ; ;1
2630328;9/2/2021;1742335;806922;9/16/2021;80590,5551000014;193546,0381;C3; ;All vehicles prohibited; ; ; ; ;1
2630408;9/2/2021;1742380;1228161;9/16/2021;79041,5600999966;196189,590100002;C3; ;All vehicles prohibited; ; ; ; ;1
2631776;9/8/2021;1743142;1228450;9/16/2021;164779,336300001;182097,770100001;C3;"neen|C3|[""400""]|50";All vehicles prohibited; ; ; ; ;1
2631780;9/8/2021;1743146;1228451;9/16/2021;164783,148699999;182101,895100001;C3;"ja|C3|[""400""]|50";All vehicles prohibited; ; ; ; ;1
2631960;9/8/2021;1743257;1228516;9/16/2021;161899,915100001;180136,915100001;C3;"ja|C3|[""400""]|30";All vehicles prohibited; ; ; ; ;1
2633206;8/18/2021;1743876;991416;9/16/2021;70519,5625;210773,875100002;C3; ;All vehicles prohibited; ; ; ; ;1
2633209;8/18/2021;1743877;991418;9/16/2021;70514,8125;210770,375100002;C3; ;All vehicles prohibited; ; ; ; ;1
2635406;9/3/2021;1744971;1229088;9/16/2021;102533,298699997;194080,298300002;C3; ;All vehicles prohibited; ; ; ; ;1
2635413;9/10/2021;1744974;1229090;9/16/2021;102571,572300002;193958,474100001;C3; ;All vehicles prohibited; ; ; ; ;1
2635423;9/3/2021;1744979;1229093;9/16/2021;102517,591300003;194104,7969;C3; ;All vehicles prohibited; ; ; ; ;1
2635439;9/3/2021;1744987;1229096;9/16/2021;102180,4811;194393,480099998;C3; ;All vehicles prohibited; ; ; ; ;1
2635446;9/3/2021;1744990;1229099;9/16/2021;102513,292300001;194099,718699999;C3; ;All vehicles prohibited; ; ; ; ;1
2635458;9/10/2021;1744996;1203885;9/16/2021;102565,460500002;193969,520500001;C3; ;All vehicles prohibited; ; ; ; ;1
2635478;9/3/2021;1745008;1204598;9/16/2021;102478,103100002;194113,2663;C3; ;All vehicles prohibited; ; ; ; ;1
2636799;9/14/2021;1745683;1229400;9/16/2021;223250,250100002;202996,500100002;C3; ;All vehicles prohibited; ; ; ; ;1
2636802;9/14/2021;1745685;1229402;9/16/2021;223195,000100002;202691,875100002;C3; ;All vehicles prohibited; ; ; ; ;1
2636806;9/14/2021;1745686;1229403;9/16/2021;222957,750100002;202775,000100002;C3; ;All vehicles prohibited; ; ; ; ;1
2637740;9/3/2021;1746177;1229590;9/16/2021;102478,103100002;194113,2663;C3; ;All vehicles prohibited; ; ; ; ;1
2637795;8/31/2021;1746198;1213181;9/16/2021;107158,676100001;191783,969099998;C3; ;All vehicles prohibited; ; ; ; ;1
2586905;9/1/2021;1716511;1219617;9/16/2021;80851,7841000035;178411,126899999;C43;Neen|50;Speed limit;Choose from: 5, 10, 15, 20, 30, 40, 50, 60, 70, 80, 90, 100, 110, 120;Key:maxspeed; ; ;1
2620342;8/18/2021;1736450;1226102;9/16/2021;252610,750100002;161356,500100002;C43;Neen|50;Speed limit;Choose from: 5, 10, 15, 20, 30, 40, 50, 60, 70, 80, 90, 100, 110, 120;Key:maxspeed; ; ;1
2621910;8/19/2021;1737317;1226414;9/16/2021;250090,625100002;161157,000100002;C43;Neen|30;Speed limit;Choose from: 5, 10, 15, 20, 30, 40, 50, 60, 70, 80, 90, 100, 110, 120;Key:maxspeed; ; ;1
2621915;8/19/2021;1737319;1226415;9/16/2021;249831,875100002;161267,375100002;C43;Neen|30;Speed limit;Choose from: 5, 10, 15, 20, 30, 40, 50, 60, 70, 80, 90, 100, 110, 120;Key:maxspeed; ; ;1
2626378;8/26/2021;1739951;1227324;9/16/2021;103236,238899998;190905,267099999;C43;Neen|70;Speed limit;Choose from: 5, 10, 15, 20, 30, 40, 50, 60, 70, 80, 90, 100, 110, 120;Key:maxspeed; ; ;1
2626619;8/27/2021;1740110;1227370;9/16/2021;158921,618500002;193604,752099998;C43;Neen|70;Speed limit;Choose from: 5, 10, 15, 20, 30, 40, 50, 60, 70, 80, 90, 100, 110, 120;Key:maxspeed; ; ;1
2626625;8/27/2021;1740113;1227378;9/16/2021;158921,618500002;193604,752099998;C43;Neen|70;Speed limit;Choose from: 5, 10, 15, 20, 30, 40, 50, 60, 70, 80, 90, 100, 110, 120;Key:maxspeed; ; ;1
2627006;8/29/2021;1740323;1227449;9/16/2021;173604,271899998;181701,647700001;C43;"neen|C43|[""400"",""Neen"",""30""]|";Speed limit;Choose from: 5, 10, 15, 20, 30, 40, 50, 60, 70, 80, 90, 100, 110, 120;Key:maxspeed; ; ;1
2627008;8/29/2021;1740325;1227451;9/16/2021;173596,271899998;181729,647700001;C43;"ja|C43|[""400"",""Neen"",""30""]|";Speed limit;Choose from: 5, 10, 15, 20, 30, 40, 50, 60, 70, 80, 90, 100, 110, 120;Key:maxspeed; ; ;1
2627009;8/29/2021;1740326;1227452;9/16/2021;173650,271899998;181888,647700001;C43;"ja|C43|[""400"",""Neen"",""30""]|";Speed limit;Choose from: 5, 10, 15, 20, 30, 40, 50, 60, 70, 80, 90, 100, 110, 120;Key:maxspeed; ; ;1
2627115;8/29/2021;1740382;1227469;9/16/2021;176752,271899998;181922,210299999;C43;Neen|30;Speed limit;Choose from: 5, 10, 15, 20, 30, 40, 50, 60, 70, 80, 90, 100, 110, 120;Key:maxspeed; ; ;1
2627271;8/30/2021;1740476;1227527;9/16/2021;174248,250100002;182231,1875;C43;Neen|30;Speed limit;Choose from: 5, 10, 15, 20, 30, 40, 50, 60, 70, 80, 90, 100, 110, 120;Key:maxspeed; ; ;1
2627297;8/30/2021;1740488;1227532;9/16/2021;177375,156300001;182233,906300001;C43;"neen|C43|[""400"",""Neen"",""30""]|";Speed limit;Choose from: 5, 10, 15, 20, 30, 40, 50, 60, 70, 80, 90, 100, 110, 120;Key:maxspeed; ; ;1
2627319;8/30/2021;1740497;1227533;9/16/2021;173886,6875;182710,093699999;C43;"neen|C43|[""400"",""Neen"",""30""]|";Speed limit;Choose from: 5, 10, 15, 20, 30, 40, 50, 60, 70, 80, 90, 100, 110, 120;Key:maxspeed; ; ;1
2627371;8/30/2021;1740522;1227549;9/16/2021;173322,9375;185501,281300001;C43;"neen|C43|[""400"",""Neen"",""50""]|";Speed limit;Choose from: 5, 10, 15, 20, 30, 40, 50, 60, 70, 80, 90, 100, 110, 120;Key:maxspeed; ; ;1
2627373;8/30/2021;1740524;1227551;9/16/2021;173333,9375;185494,781300001;C43;"ja|C43|[""400"",""Neen"",""50""]|";Speed limit;Choose from: 5, 10, 15, 20, 30, 40, 50, 60, 70, 80, 90, 100, 110, 120;Key:maxspeed; ; ;1
2627504;8/30/2021;1740594;1227574;9/16/2021;81615,1501000002;192683,9001;C43;"ja|C43|[""400"",""Ja"",""30""]|";Speed limit;Choose from: 5, 10, 15, 20, 30, 40, 50, 60, 70, 80, 90, 100, 110, 120;Key:maxspeed; ; ;1
2628325;8/31/2021;1741134;1227623;9/16/2021;173635,093699999;181887,000100002;C43;"neen|C43|[""400"",""Neen"",""30""]|";Speed limit;Choose from: 5, 10, 15, 20, 30, 40, 50, 60, 70, 80, 90, 100, 110, 120;Key:maxspeed; ; ;1
2628475;9/14/2021;1741240;1227649;9/16/2021;166409,2337;207882,024900001;C43;"ja|C43|[""400"",""Neen"",""30""]|";Speed limit;Choose from: 5, 10, 15, 20, 30, 40, 50, 60, 70, 80, 90, 100, 110, 120;Key:maxspeed; ; ;1
2628535;9/14/2021;1741285;1227662;9/16/2021;166423,2425;207886,493099999;C43;"neen|C43|[""400"",""Neen"",""30""]|";Speed limit;Choose from: 5, 10, 15, 20, 30, 40, 50, 60, 70, 80, 90, 100, 110, 120;Key:maxspeed; ; ;1
2628933;8/31/2021;1741513;1227763;9/16/2021;157492,310099997;208671,590100002;C43;"neen|C43|[""400"",""Neen"",""50""]|";Speed limit;Choose from: 5, 10, 15, 20, 30, 40, 50, 60, 70, 80, 90, 100, 110, 120;Key:maxspeed; ; ;1
2628994;8/26/2021;1741552;1227792;9/16/2021;162827,972499996;180884,156500001;C43;Neen|50;Speed limit;Choose from: 5, 10, 15, 20, 30, 40, 50, 60, 70, 80, 90, 100, 110, 120;Key:maxspeed; ; ;1
2628995;8/26/2021;1741553;1227793;9/16/2021;162812,910099998;180906,219099998;C43;Neen|70;Speed limit;Choose from: 5, 10, 15, 20, 30, 40, 50, 60, 70, 80, 90, 100, 110, 120;Key:maxspeed; ; ;1
2629000;8/26/2021;1741558;1227798;9/16/2021;163321,441299997;181215,3127;C43;Neen|50;Speed limit;Choose from: 5, 10, 15, 20, 30, 40, 50, 60, 70, 80, 90, 100, 110, 120;Key:maxspeed; ; ;1
2629006;8/25/2021;1741561;1227799;9/16/2021;156730,476499997;177701,616500001;C43;Neen|50;Speed limit;Choose from: 5, 10, 15, 20, 30, 40, 50, 60, 70, 80, 90, 100, 110, 120;Key:maxspeed; ; ;1
2629781;9/1/2021;1741926;1227973;9/16/2021;147581,375100002;193370,593699999;C43;Neen|50;Speed limit;Choose from: 5, 10, 15, 20, 30, 40, 50, 60, 70, 80, 90, 100, 110, 120;Key:maxspeed; ; ;1
2630075;9/3/2021;1742125;1228056;9/16/2021;79745,3300999999;194782,880100001;C43;Neen|50;Speed limit;Choose from: 5, 10, 15, 20, 30, 40, 50, 60, 70, 80, 90, 100, 110, 120;Key:maxspeed; ; ;1
2630095;9/1/2021;1742155;1228070;9/16/2021;80421,5900999978;194648,110100001;C43;Neen|50;Speed limit;Choose from: 5, 10, 15, 20, 30, 40, 50, 60, 70, 80, 90, 100, 110, 120;Key:maxspeed; ; ;1
2630097;9/1/2021;1742157;1228071;9/16/2021;80350,5401000008;194700,600099999;C43;Neen|50;Speed limit;Choose from: 5, 10, 15, 20, 30, 40, 50, 60, 70, 80, 90, 100, 110, 120;Key:maxspeed; ; ;1
2630100;9/1/2021;1742161;1228073;9/16/2021;80361,2000999972;194688,3301;C43;Neen|50;Speed limit;Choose from: 5, 10, 15, 20, 30, 40, 50, 60, 70, 80, 90, 100, 110, 120;Key:maxspeed; ; ;1
2630189;9/2/2021;1742239;1228105;9/16/2021;82943,1701000035;193917,030099999;C43;Neen|50;Speed limit;Choose from: 5, 10, 15, 20, 30, 40, 50, 60, 70, 80, 90, 100, 110, 120;Key:maxspeed; ; ;1
2630352;9/2/2021;1742347;1228141;9/16/2021;81350,4900999963;194243,2601;C43;Neen|50;Speed limit;Choose from: 5, 10, 15, 20, 30, 40, 50, 60, 70, 80, 90, 100, 110, 120;Key:maxspeed; ; ;1
2631872;9/8/2021;1743196;1228478;9/16/2021;44821,5001000017;169949,375100002;C43;Neen|50;Speed limit;Choose from: 5, 10, 15, 20, 30, 40, 50, 60, 70, 80, 90, 100, 110, 120;Key:maxspeed; ; ;1
2634018;9/13/2021;1744194;1228842;9/16/2021;44834,8125;169992,0781;C43;Neen|50;Speed limit;Choose from: 5, 10, 15, 20, 30, 40, 50, 60, 70, 80, 90, 100, 110, 120;Key:maxspeed; ; ;1
2635782;9/6/2021;1745177;1229191;9/16/2021;103423,341700003;187150,906100001;C43;50;Speed limit;Choose from: 5, 10, 15, 20, 30, 40, 50, 60, 70, 80, 90, 100, 110, 120;Key:maxspeed; ; ;1
2636627;9/14/2021;1745582;1229371;9/16/2021;234906,625100002;208916,375100002;C43;Neen|70;Speed limit;Choose from: 5, 10, 15, 20, 30, 40, 50, 60, 70, 80, 90, 100, 110, 120;Key:maxspeed; ; ;1
2636741;9/15/2021;1745643;1229398;9/16/2021;235548,125100002;206661,750100002;C43;Neen|70;Speed limit;Choose from: 5, 10, 15, 20, 30, 40, 50, 60, 70, 80, 90, 100, 110, 120;Key:maxspeed; ; ;1
2637190;9/15/2021;1745891;1229484;9/16/2021;235548,125100002;206661,750100002;C43;Neen|70;Speed limit;Choose from: 5, 10, 15, 20, 30, 40, 50, 60, 70, 80, 90, 100, 110, 120;Key:maxspeed; ; ;1
2637210;9/14/2021;1745901;1229489;9/16/2021;234906,625100002;208916,375100002;C43;Neen|70;Speed limit;Choose from: 5, 10, 15, 20, 30, 40, 50, 60, 70, 80, 90, 100, 110, 120;Key:maxspeed; ; ;1
2637907;9/16/2021;1746260;376624;9/16/2021;207749,750500001;168652,585700002;C43;50;Speed limit;Choose from: 5, 10, 15, 20, 30, 40, 50, 60, 70, 80, 90, 100, 110, 120;Key:maxspeed; ; ;1
2638013;9/16/2021;1746328;60350;9/16/2021;207729,594099998;168598,804499999;C43;50;Speed limit;Choose from: 5, 10, 15, 20, 30, 40, 50, 60, 70, 80, 90, 100, 110, 120;Key:maxspeed; ; ;1
2638367;9/16/2021;1746528;60373;9/16/2021;207776,437899999;168857,741900001;C43;Neen|50;Speed limit;Choose from: 5, 10, 15, 20, 30, 40, 50, 60, 70, 80, 90, 100, 110, 120;Key:maxspeed; ; ;1
2638450;9/15/2021;1746573;1229722;9/16/2021;56501,7400999963;193499,800099999;C43;Neen|50;Speed limit;Choose from: 5, 10, 15, 20, 30, 40, 50, 60, 70, 80, 90, 100, 110, 120;Key:maxspeed; ; ;1
2638454;9/15/2021;1746575;1229723;9/16/2021;56055,4100999981;193031,180100001;C43;Neen|50;Speed limit;Choose from: 5, 10, 15, 20, 30, 40, 50, 60, 70, 80, 90, 100, 110, 120;Key:maxspeed; ; ;1
2628996;8/26/2021;1741554;1227794;9/16/2021;163331,191299997;181201,1877;C45;50;End of speed limit;Choose from: 5, 10, 15, 20, 30, 40, 50, 60, 70, 80, 90, 100, 110, 120;Key:maxspeed; ; ; 
2630081;9/2/2021;1742135;1228060;9/16/2021;79744,9100999981;194791,680100001;C45;50;End of speed limit;Choose from: 5, 10, 15, 20, 30, 40, 50, 60, 70, 80, 90, 100, 110, 120;Key:maxspeed; ; ; 
2634024;9/13/2021;1744198;1228846;9/16/2021;44810,3751000017;169956,765700001;C45;50;End of speed limit;Choose from: 5, 10, 15, 20, 30, 40, 50, 60, 70, 80, 90, 100, 110, 120;Key:maxspeed; ; ; 
2635691;9/6/2021;1745124;1209184;9/16/2021;103433,4705;187148,799699999;C45;50;End of speed limit;Choose from: 5, 10, 15, 20, 30, 40, 50, 60, 70, 80, 90, 100, 110, 120;Key:maxspeed; ; ; 
2628327;8/31/2021;1741135;806652;9/16/2021;81864,557099998;192988,897100002;C5; ;Motorcars prohibited; ;Key:motorcar; ; ;1
2637303;9/15/2021;1745959;1229509;9/16/2021;156759,770099998;229832,270100001;C5-C7; ;Motorcars and motorcycles prohibited; ;Key:motorcar; ; ;1
2622093;8/19/2021;1737430;1226445;9/16/2021;249823,375100002;161263,125100002;C6; ;Quads prohibited; ; ;atv;no; 
2632919;9/8/2021;1743783;1169343;9/16/2021;76274,6875;200554,375100002;D10; ;Pedestrian and bicycle path; ; ;access; ; 
2632920;9/8/2021;1743784;1228272;9/16/2021;76274,6875;200554,375100002;D10; ;Pedestrian and bicycle path; ; ;access; ; 
2622164;8/19/2021;1737476;1226429;9/16/2021;250431,625100002;161013,625100002;F101c; ;End of access only for pedestrians, cyclists, horses and agricultural; ; ;agricultural;yes; 
2637279;9/15/2021;1745945;1229502;9/16/2021;156850,800099999;229869,730099998;F101c; ;End of access only for pedestrians, cyclists, horses and agricultural; ; ;agricultural;yes; 
2633964;9/1/2021;1744155;1228762;9/16/2021;70063,5100999996;211782,327500001;F103;met opschrift|UITGEZONDERD
LADEN EN LOSSEN
VAN 6U TOT 11U
EN VAN 19U TOT 21U;Pedestrian zone; ;Tag:highway%3Dpedestrian; ; ;1
2634028;9/1/2021;1744200;1228847;9/16/2021;70083,2725000009;211792,245099999;F103;met opschrift|UITGEZONDERD
LADEN EN LOSSEN
VAN 6U TOT 11U
EN VAN 19U TOT 21U;Pedestrian zone; ;Tag:highway%3Dpedestrian; ; ;1
2634031;9/1/2021;1744203;1228767;9/16/2021;70101,4474999979;211776,577500001;F103;met opschrift|UITGEZONDERD
LADEN EN LOSSEN
VAN 6U TOT 11U
EN VAN 19U TOT 21U;Pedestrian zone; ;Tag:highway%3Dpedestrian; ; ;1
2634033;9/1/2021;1744205;1221599;9/16/2021;70133,2101000026;211800,870099999;F103;met opschrift|UITGEZONDERD
LADEN EN LOSSEN
VAN 6U TOT 11U
EN VAN 19U TOT 21U;Pedestrian zone; ;Tag:highway%3Dpedestrian; ; ;1
2626377;8/26/2021;1739951;1227324;9/16/2021;103236,238899998;190905,267099999;F11; ;End trunk road; ; ; ; ; 
2626989;8/29/2021;1740311;1227440;9/16/2021;173929,146899998;182447,210299999;F111; ;Bicycle road; ; ;source:maxspeed;BE:bicycle_road; 
2626992;8/29/2021;1740313;1227442;9/16/2021;173965,3345;182404,585299999;F111; ;Bicycle road; ; ;source:maxspeed;BE:bicycle_road; 
2626993;8/29/2021;1740315;1227444;9/16/2021;173987,396899998;182294,522700001;F111; ;Bicycle road; ; ;source:maxspeed;BE:bicycle_road; 
2626997;8/29/2021;1740318;1227445;9/16/2021;173984,271899998;182291,022700001;F111; ;Bicycle road; ; ;source:maxspeed;BE:bicycle_road; 
2627001;8/29/2021;1740320;1227447;9/16/2021;173855,896899998;182123,772700001;F111; ;Bicycle road; ; ;source:maxspeed;BE:bicycle_road; 
2627029;8/29/2021;1740337;1227458;9/16/2021;177139,396899998;182004,960299999;F111; ;Bicycle road; ; ;source:maxspeed;BE:bicycle_road; 
2627049;8/29/2021;1740346;1227459;9/16/2021;177287,928099997;181957,929099999;F111; ;Bicycle road; ; ;source:maxspeed;BE:bicycle_road; 
2627070;8/29/2021;1740356;1227461;9/16/2021;176580,271899998;182939,460299999;F111; ;Bicycle road; ; ;source:maxspeed;BE:bicycle_road; 
2627077;8/29/2021;1740359;1227462;9/16/2021;176884,9595;183544,835299999;F111; ;Bicycle road; ; ;source:maxspeed;BE:bicycle_road; 
2627148;8/29/2021;1740401;1227476;9/16/2021;176012,8345;183880,460299999;F111; ;Bicycle road; ; ;source:maxspeed;BE:bicycle_road; 
2627154;8/29/2021;1740404;1227478;9/16/2021;176267,0845;183532,522700001;F111; ;Bicycle road; ; ;source:maxspeed;BE:bicycle_road; 
2627164;8/29/2021;1740409;1227479;9/16/2021;176098,7095;183821,147700001;F111; ;Bicycle road; ; ;source:maxspeed;BE:bicycle_road; 
2627166;8/29/2021;1740411;1227481;9/16/2021;176090,8345;183843,085299999;F111; ;Bicycle road; ; ;source:maxspeed;BE:bicycle_road; 
2627176;8/29/2021;1740415;1227482;9/16/2021;176226,396899998;184168,897700001;F111; ;Bicycle road; ; ;source:maxspeed;BE:bicycle_road; 
2627177;8/29/2021;1740416;1227483;9/16/2021;176235,396899998;184172,272700001;F111; ;Bicycle road; ; ;source:maxspeed;BE:bicycle_road; 
2627181;8/29/2021;1740420;1227487;9/16/2021;176280,396899998;184250,397700001;F111; ;Bicycle road; ; ;source:maxspeed;BE:bicycle_road; 
2627182;8/29/2021;1740421;1227488;9/16/2021;173283,4595;184784,085299999;F111; ;Bicycle road; ; ;source:maxspeed;BE:bicycle_road; 
2627183;8/29/2021;1740422;1227489;9/16/2021;173274,4595;184778,022700001;F111; ;Bicycle road; ; ;source:maxspeed;BE:bicycle_road; 
2627186;8/29/2021;1740425;1227492;9/16/2021;172829,4595;184584,460299999;F111; ;Bicycle road; ; ;source:maxspeed;BE:bicycle_road; 
2627187;8/29/2021;1740426;1227493;9/16/2021;172869,9595;184600,710299999;F111; ;Bicycle road; ; ;source:maxspeed;BE:bicycle_road; 
2627188;8/29/2021;1740427;1227494;9/16/2021;172790,2095;184571,460299999;F111; ;Bicycle road; ; ;source:maxspeed;BE:bicycle_road; 
2627191;8/29/2021;1740429;1227495;9/16/2021;172802,8345;184581,897700001;F111; ;Bicycle road; ; ;source:maxspeed;BE:bicycle_road; 
2627192;8/29/2021;1740430;1227496;9/16/2021;172861,021899998;184604,335299999;F111; ;Bicycle road; ; ;source:maxspeed;BE:bicycle_road; 
2627193;8/29/2021;1740431;1227497;9/16/2021;173046,146899998;184668,960299999;F111; ;Bicycle road; ; ;source:maxspeed;BE:bicycle_road; 
2627194;8/29/2021;1740432;1227498;9/16/2021;173028,896899998;184674,460299999;F111; ;Bicycle road; ; ;source:maxspeed;BE:bicycle_road; 
2627195;8/29/2021;1740433;1227499;9/16/2021;173051,646899998;184690,210299999;F111; ;Bicycle road; ; ;source:maxspeed;BE:bicycle_road; 
2627202;8/29/2021;1740436;1227500;9/16/2021;172698,7095;184495,897700001;F111; ;Bicycle road; ; ;source:maxspeed;BE:bicycle_road; 
2627206;8/29/2021;1740440;1227504;9/16/2021;173129,8345;184708,897700001;F111; ;Bicycle road; ; ;source:maxspeed;BE:bicycle_road; 
2627207;8/29/2021;1740441;1227505;9/16/2021;173138,3345;184703,897700001;F111; ;Bicycle road; ; ;source:maxspeed;BE:bicycle_road; 
2627208;8/29/2021;1740442;1227506;9/16/2021;173857,9595;184969,272700001;F111; ;Bicycle road; ; ;source:maxspeed;BE:bicycle_road; 
2627211;8/29/2021;1740444;1227508;9/16/2021;173477,9595;185026,022700001;F111; ;Bicycle road; ; ;source:maxspeed;BE:bicycle_road; 
2627214;8/29/2021;1740446;1227509;9/16/2021;174238,428099997;185261,054099999;F111; ;Bicycle road; ; ;source:maxspeed;BE:bicycle_road; 
2627280;8/30/2021;1740479;1227530;9/16/2021;176285,031300001;181859,093699999;F111; ;Bicycle road; ; ;source:maxspeed;BE:bicycle_road; 
2627318;8/30/2021;1740497;1227533;9/16/2021;173886,6875;182710,093699999;F111; ;Bicycle road; ; ;source:maxspeed;BE:bicycle_road; 
2627340;8/30/2021;1740506;1227537;9/16/2021;174782,250100002;182832,781300001;F111; ;Bicycle road; ; ;source:maxspeed;BE:bicycle_road; 
2627343;8/30/2021;1740507;1227538;9/16/2021;174795,125100002;182796,156300001;F111; ;Bicycle road; ; ;source:maxspeed;BE:bicycle_road; 
2627350;8/30/2021;1740509;1227539;9/16/2021;174845,250100002;182674,968699999;F111; ;Bicycle road; ; ;source:maxspeed;BE:bicycle_road; 
2627358;8/30/2021;1740514;1227542;9/16/2021;174623,750100002;183703,218699999;F111; ;Bicycle road; ; ;source:maxspeed;BE:bicycle_road; 
2627364;8/30/2021;1740516;1227543;9/16/2021;174742,875100002;183077,281300001;F111; ;Bicycle road; ; ;source:maxspeed;BE:bicycle_road; 
2627365;8/30/2021;1740517;1227544;9/16/2021;174737,000100002;183067,843699999;F111; ;Bicycle road; ; ;source:maxspeed;BE:bicycle_road; 
2627368;8/30/2021;1740519;1227546;9/16/2021;174739,6875;183024,781300001;F111; ;Bicycle road; ; ;source:maxspeed;BE:bicycle_road; 
2627369;8/30/2021;1740520;1227547;9/16/2021;174734,8125;183046,781300001;F111; ;Bicycle road; ; ;source:maxspeed;BE:bicycle_road; 
2627379;8/30/2021;1740528;1227552;9/16/2021;176926,125100002;183352,906300001;F111; ;Bicycle road; ; ;source:maxspeed;BE:bicycle_road; 
2628437;8/30/2021;1741214;1227646;9/16/2021;176597,781300001;181929,4375;F111; ;Bicycle road; ; ;source:maxspeed;BE:bicycle_road; 
2631663;8/23/2021;1743058;1228425;9/16/2021;69129,0324999988;211916,8125;F111; ;Bicycle road; ; ;source:maxspeed;BE:bicycle_road; 
2631664;8/23/2021;1743059;1129287;9/16/2021;69119,4701000005;211927,500100002;F111; ;Bicycle road; ; ;source:maxspeed;BE:bicycle_road; 
2631713;8/23/2021;1743093;1228435;9/16/2021;69051,0951000005;211942,718699999;F111; ;Bicycle road; ; ;source:maxspeed;BE:bicycle_road; 
2631734;8/23/2021;1743114;1228438;9/16/2021;68624,5324999988;212185,218699999;F111; ;Bicycle road; ; ;source:maxspeed;BE:bicycle_road; 
2631745;8/23/2021;1743122;419624;9/16/2021;68544,6574999988;212370,718699999;F111; ;Bicycle road; ; ;source:maxspeed;BE:bicycle_road; 
2631753;8/23/2021;1743127;1228444;9/16/2021;68541,2824999988;212353,343699999;F111; ;Bicycle road; ; ;source:maxspeed;BE:bicycle_road; 
2631779;8/23/2021;1743145;1129359;9/16/2021;68812,188699998;212507,5625;F111; ;Bicycle road; ; ;source:maxspeed;BE:bicycle_road; 
2631782;8/23/2021;1743147;1228452;9/16/2021;68802,688699998;212492,0625;F111; ;Bicycle road; ; ;source:maxspeed;BE:bicycle_road; 
2631790;8/23/2021;1743150;989910;9/16/2021;68779,0925000012;212398,607500002;F111; ;Bicycle road; ; ;source:maxspeed;BE:bicycle_road; 
2631792;8/23/2021;1743151;989911;9/16/2021;68768,3425000012;212375,7951;F111; ;Bicycle road; ; ;source:maxspeed;BE:bicycle_road; 
2631802;8/23/2021;1743155;991907;9/16/2021;68796,7801000029;212293,1701;F111; ;Bicycle road; ; ;source:maxspeed;BE:bicycle_road; 
2631826;8/23/2021;1743172;1228468;9/16/2021;68789,813699998;212317,3125;F111; ;Bicycle road; ; ;source:maxspeed;BE:bicycle_road; 
2631841;8/23/2021;1743180;1129421;9/16/2021;69009,188699998;212216,4375;F111; ;Bicycle road; ; ;source:maxspeed;BE:bicycle_road; 
2631842;8/23/2021;1743181;1228472;9/16/2021;69030,313699998;212203,1875;F111; ;Bicycle road; ; ;source:maxspeed;BE:bicycle_road; 
2631847;8/23/2021;1743185;1129445;9/16/2021;69096,4675000012;212183,232500002;F111; ;Bicycle road; ; ;source:maxspeed;BE:bicycle_road; 
2631864;8/23/2021;1743192;1129456;9/16/2021;69212,813699998;212143,6875;F111; ;Bicycle road; ; ;source:maxspeed;BE:bicycle_road; 
2631888;8/23/2021;1743208;415883;9/16/2021;69334,8660999984;212220,4745;F111; ;Bicycle road; ; ;source:maxspeed;BE:bicycle_road; 
2631890;8/23/2021;1743210;1228483;9/16/2021;69355,813699998;212240,1875;F111; ;Bicycle road; ; ;source:maxspeed;BE:bicycle_road; 
2631981;8/23/2021;1743272;1228529;9/16/2021;69447,7924999967;212434,368900001;F111; ;Bicycle road; ; ;source:maxspeed;BE:bicycle_road; 
2631992;8/23/2021;1743280;419367;9/16/2021;69737,7651000023;212747,871100001;F111; ;Bicycle road; ; ;source:maxspeed;BE:bicycle_road; 
2631993;8/23/2021;1743281;1228530;9/16/2021;69716,2924999967;212738,712499999;F111; ;Bicycle road; ; ;source:maxspeed;BE:bicycle_road; 
2631994;8/23/2021;1743282;1228531;9/16/2021;69688,2924999967;212690,837499999;F111; ;Bicycle road; ; ;source:maxspeed;BE:bicycle_road; 
2631996;8/23/2021;1743283;415914;9/16/2021;69666,5910999998;212683,4595;F111; ;Bicycle road; ; ;source:maxspeed;BE:bicycle_road; 
2632002;8/23/2021;1743287;1228532;9/16/2021;69632,2924999967;212642,462499999;F111; ;Bicycle road; ; ;source:maxspeed;BE:bicycle_road; 
2632005;8/23/2021;1743289;1228533;9/16/2021;69656,0424999967;212653,712499999;F111; ;Bicycle road; ; ;source:maxspeed;BE:bicycle_road; 
2632007;8/23/2021;1743291;1228534;9/16/2021;69568,5424999967;212569,462499999;F111; ;Bicycle road; ; ;source:maxspeed;BE:bicycle_road; 
2632008;8/23/2021;1743292;1228535;9/16/2021;69588,5424999967;212576,587499999;F111; ;Bicycle road; ; ;source:maxspeed;BE:bicycle_road; 
2635825;9/3/2021;1745204;1229212;9/16/2021;105708,871100001;191332,668099999;F111; ;Bicycle road; ; ;source:maxspeed;BE:bicycle_road; 
2624246;8/23/2021;1738714;1226882;9/16/2021;158090,130099997;209980,200100001;F12a; ;Living street; ;Tag:highway%3Dliving_street;maxspeed;20; 
2629015;9/1/2021;1741568;1227800;9/16/2021;207048,2601;199517,2401;F12a; ;Living street; ;Tag:highway%3Dliving_street;maxspeed;20; 
2637901;9/16/2021;1746257;1229612;9/16/2021;77141,9800999984;174453,430100001;F12a; ;Living street; ;Tag:highway%3Dliving_street;maxspeed;20; 
2637928;9/16/2021;1746271;1229621;9/16/2021;76970,9800999984;174307,290100001;F12a; ;Living street; ;Tag:highway%3Dliving_street;maxspeed;20; 
2638030;9/16/2021;1746339;1229661;9/16/2021;77007,7300999984;174173,620099999;F12a; ;Living street; ;Tag:highway%3Dliving_street;maxspeed;20; 
2629012;9/1/2021;1741567;1227802;9/16/2021;207049,2601;199505,9901;F12b; ;End of Living street; ;Tag:highway%3Dliving_street; ; ; 
2635457;9/10/2021;1744996;1203885;9/16/2021;102565,460500002;193969,520500001;F12b; ;End of Living street; ;Tag:highway%3Dliving_street; ; ; 
2635480;9/3/2021;1745008;1204598;9/16/2021;102478,103100002;194113,2663;F12b; ;End of Living street; ;Tag:highway%3Dliving_street; ; ; 
2637742;9/3/2021;1746177;1229590;9/16/2021;102478,103100002;194113,2663;F12b; ;End of Living street; ;Tag:highway%3Dliving_street; ; ; 
2637902;9/16/2021;1746258;1229613;9/16/2021;77140,9301000014;174433,410100002;F12b; ;End of Living street; ;Tag:highway%3Dliving_street; ; ; 
2637926;9/16/2021;1746270;1229620;9/16/2021;76975,2300999984;174313,5101;F12b; ;End of Living street; ;Tag:highway%3Dliving_street; ; ; 
2638038;9/16/2021;1746343;1229662;9/16/2021;77001,4900999963;174178,2601;F12b; ;End of Living street; ;Tag:highway%3Dliving_street; ; ; 
2600758;9/1/2021;1724808;1222668;9/16/2021;30749,3751000017;200536,375100002;F19; ;One-way street; ;Key:oneway; ; ;1
2626456;8/26/2021;1740005;1227346;9/16/2021;173908,625100002;182582,906300001;F19; ;One-way street; ;Key:oneway; ; ;1
2627117;8/29/2021;1740382;1227469;9/16/2021;176752,271899998;181922,210299999;F19; ;One-way street; ;Key:oneway; ; ;1
2627126;8/29/2021;1740386;1227471;9/16/2021;175975,146899998;183732,335299999;F19; ;One-way street; ;Key:oneway; ; ;1
2627128;8/29/2021;1740388;1227473;9/16/2021;176006,521899998;183848,897700001;F19; ;One-way street; ;Key:oneway; ; ;1
2627130;8/29/2021;1740389;1227474;9/16/2021;176006,521899998;183844,147700001;F19; ;One-way street; ;Key:oneway; ; ;1
2627167;8/29/2021;1740411;1227481;9/16/2021;176090,8345;183843,085299999;F19; ;One-way street; ;Key:oneway; ; ;1
2627349;8/30/2021;1740509;1227539;9/16/2021;174845,250100002;182674,968699999;F19; ;One-way street; ;Key:oneway; ; ;1
2628435;8/30/2021;1741214;1227646;9/16/2021;176597,781300001;181929,4375;F19; ;One-way street; ;Key:oneway; ; ;1
2633449;9/10/2021;1743960;1228773;9/16/2021;88202,8300999999;202500,450100001;F19; ;One-way street; ;Key:oneway; ; ;1
2633702;9/10/2021;1744026;1228793;9/16/2021;88167,813699998;202513,586300001;F19; ;One-way street; ;Key:oneway; ; ;1
2633814;9/10/2021;1744062;1228802;9/16/2021;88131,2512999997;202516,523699999;F19; ;One-way street; ;Key:oneway; ; ;1
2633825;9/10/2021;1744066;1228801;9/16/2021;88029,063699998;202522,398699999;F19; ;One-way street; ;Key:oneway; ; ;1
2637791;8/24/2021;1746196;1212939;9/16/2021;107421,463699996;191509,5645;F19; ;One-way street; ;Key:oneway; ; ;1
2637925;9/16/2021;1746269;1229619;9/16/2021;77013,9900999963;174285,820099998;F19; ;One-way street; ;Key:oneway; ; ;1
2638023;9/16/2021;1746335;1229658;9/16/2021;77061,7000999972;174247,480099998;F19; ;One-way street; ;Key:oneway; ; ;1
2638032;9/16/2021;1746339;1229661;9/16/2021;77007,7300999984;174173,620099999;F19; ;One-way street; ;Key:oneway; ; ;1
2621934;8/19/2021;1737330;1226416;9/16/2021;250062,375100002;161394,750100002;F45;Geen;No exit;If you add a no_exit tag, it should be added to the final node and not to the way. This is not really necessary.;Key:no_exit;no_exit;yes; 
2625305;8/25/2021;1739363;1227104;9/16/2021;41872,7968999967;209876,484499998;F45;Geen;No exit;If you add a no_exit tag, it should be added to the final node and not to the way. This is not really necessary.;Key:no_exit;no_exit;yes; 
2627735;8/31/2021;1740744;1227613;9/16/2021;49254,1850999966;167253,000100002;F45;Geen;No exit;If you add a no_exit tag, it should be added to the final node and not to the way. This is not really necessary.;Key:no_exit;no_exit;yes; 
2627738;8/29/2021;1740746;1227614;9/16/2021;49224,1850999966;167348,500100002;F45;Geen;No exit;If you add a no_exit tag, it should be added to the final node and not to the way. This is not really necessary.;Key:no_exit;no_exit;yes; 
2628336;8/30/2021;1741140;806584;9/16/2021;82236,0100999996;193106,883099999;F45;Geen;No exit;If you add a no_exit tag, it should be added to the final node and not to the way. This is not really necessary.;Key:no_exit;no_exit;yes; 
2628405;8/30/2021;1741197;1227643;9/16/2021;82653,320100002;192754,840100002;F45;Geen;No exit;If you add a no_exit tag, it should be added to the final node and not to the way. This is not really necessary.;Key:no_exit;no_exit;yes; 
2628611;8/31/2021;1741331;1227678;9/16/2021;31542,9201000035;197682,250100002;F45;Geen;No exit;If you add a no_exit tag, it should be added to the final node and not to the way. This is not really necessary.;Key:no_exit;no_exit;yes; 
2629014;9/1/2021;1741568;1227800;9/16/2021;207048,2601;199517,2401;F45;Geen;No exit;If you add a no_exit tag, it should be added to the final node and not to the way. This is not really necessary.;Key:no_exit;no_exit;yes; 
2629046;8/31/2021;1741586;1227810;9/16/2021;81526,9100999981;192321,5601;F45;Geen;No exit;If you add a no_exit tag, it should be added to the final node and not to the way. This is not really necessary.;Key:no_exit;no_exit;yes; 
2629359;8/31/2021;1741718;1227863;9/16/2021;80022,5301000029;197373,930100001;F45;Geen;No exit;If you add a no_exit tag, it should be added to the final node and not to the way. This is not really necessary.;Key:no_exit;no_exit;yes; 
2629394;8/31/2021;1741740;1227879;9/16/2021;79369,2201000005;197220,020100001;F45;Geen;No exit;If you add a no_exit tag, it should be added to the final node and not to the way. This is not really necessary.;Key:no_exit;no_exit;yes; 
2630184;9/2/2021;1742232;1228102;9/16/2021;82680,2000999972;193315,160100002;F45;Geen;No exit;If you add a no_exit tag, it should be added to the final node and not to the way. This is not really necessary.;Key:no_exit;no_exit;yes; 
2630206;9/2/2021;1742261;1228117;9/16/2021;80940,6600999981;196078,680100001;F45;Geen;No exit;If you add a no_exit tag, it should be added to the final node and not to the way. This is not really necessary.;Key:no_exit;no_exit;yes; 
2630360;9/2/2021;1742359;1228150;9/16/2021;79819,620099999;195300,700100001;F45;Geen;No exit;If you add a no_exit tag, it should be added to the final node and not to the way. This is not really necessary.;Key:no_exit;no_exit;yes; 
2637301;9/15/2021;1745959;1229509;9/16/2021;156759,770099998;229832,270100001;F45;Geen;No exit;If you add a no_exit tag, it should be added to the final node and not to the way. This is not really necessary.;Key:no_exit;no_exit;yes; 
2627678;8/30/2021;1740696;1227599;9/16/2021;81956,9301000014;192346,550099999;F45b; ;No exit, except for bicycle;If you add a no_exit tag, it should be added to the final node and not to the way. This is not really necessary.;Key:no_exit;no_exit:bicycle;no; 
2627712;8/30/2021;1740724;1227608;9/16/2021;82136,9100999981;192466,190099999;F45b; ;No exit, except for bicycle;If you add a no_exit tag, it should be added to the final node and not to the way. This is not really necessary.;Key:no_exit;no_exit:bicycle;no; 
2628324;8/31/2021;1741133;806650;9/16/2021;81887,7960999981;192909,347100001;F45b; ;No exit, except for bicycle;If you add a no_exit tag, it should be added to the final node and not to the way. This is not really necessary.;Key:no_exit;no_exit:bicycle;no; 
2628425;8/30/2021;1741208;1227645;9/16/2021;82577,7700999975;192757,430100001;F45b; ;No exit, except for bicycle;If you add a no_exit tag, it should be added to the final node and not to the way. This is not really necessary.;Key:no_exit;no_exit:bicycle;no; 
2628478;8/31/2021;1741242;806468;9/16/2021;82601,6771000028;193043,439100001;F45b; ;No exit, except for bicycle;If you add a no_exit tag, it should be added to the final node and not to the way. This is not really necessary.;Key:no_exit;no_exit:bicycle;no; 
2629067;8/31/2021;1741602;806510;9/16/2021;80758,7880999967;196618,498100001;F45b; ;No exit, except for bicycle;If you add a no_exit tag, it should be added to the final node and not to the way. This is not really necessary.;Key:no_exit;no_exit:bicycle;no; 
2629999;9/2/2021;1742055;806711;9/16/2021;85184,7290999964;193257,586100001;F45b; ;No exit, except for bicycle;If you add a no_exit tag, it should be added to the final node and not to the way. This is not really necessary.;Key:no_exit;no_exit:bicycle;no; 
2630926;9/3/2021;1742588;1228243;9/16/2021;151752,460100003;226975,0801;F45b; ;No exit, except for bicycle;If you add a no_exit tag, it should be added to the final node and not to the way. This is not really necessary.;Key:no_exit;no_exit:bicycle;no; 
2631662;8/23/2021;1743058;1228425;9/16/2021;69129,0324999988;211916,8125;F45b; ;No exit, except for bicycle;If you add a no_exit tag, it should be added to the final node and not to the way. This is not really necessary.;Key:no_exit;no_exit:bicycle;no; 
2633110;8/18/2021;1743854;991426;9/16/2021;70513,3751000017;210868,0625;F45b; ;No exit, except for bicycle;If you add a no_exit tag, it should be added to the final node and not to the way. This is not really necessary.;Key:no_exit;no_exit:bicycle;no; 
2636838;9/15/2021;1745705;1229416;9/16/2021;159601,000100002;205408,790100001;F45b; ;No exit, except for bicycle;If you add a no_exit tag, it should be added to the final node and not to the way. This is not really necessary.;Key:no_exit;no_exit:bicycle;no; 
2637893;9/16/2021;1746252;1229610;9/16/2021;77147,620099999;174467,430100001;F45b; ;No exit, except for bicycle;If you add a no_exit tag, it should be added to the final node and not to the way. This is not really necessary.;Key:no_exit;no_exit:bicycle;no; 
2638020;9/16/2021;1746333;1229657;9/16/2021;77067,3800999969;174236,1701;F45b; ;No exit, except for bicycle;If you add a no_exit tag, it should be added to the final node and not to the way. This is not really necessary.;Key:no_exit;no_exit:bicycle;no; 
2638776;9/16/2021;1746794;1229818;9/16/2021;81038,1900999993;175940,840100002;F45b; ;No exit, except for bicycle;If you add a no_exit tag, it should be added to the final node and not to the way. This is not really necessary.;Key:no_exit;no_exit:bicycle;no; 
2638782;9/16/2021;1746798;1229820;9/16/2021;80669,8000999987;175808,0801;F45b; ;No exit, except for bicycle;If you add a no_exit tag, it should be added to the final node and not to the way. This is not really necessary.;Key:no_exit;no_exit:bicycle;no; 
2628885;8/31/2021;1741486;1227751;9/16/2021;157548,870099999;209411,3101;F49; ;Pedestrian crossing; ; ;highway;crossing; 
2628917;8/31/2021;1741503;1227758;9/16/2021;157367,060099997;209575,020100001;F49; ;Pedestrian crossing; ; ;highway;crossing; 
2638758;9/16/2021;1746778;1229812;9/16/2021;211239,910099998;200750,380100001;F49; ;Pedestrian crossing; ; ;highway;crossing; 
2638765;9/16/2021;1746783;1229814;9/16/2021;210628,8301;200374,370099999;F49; ;Pedestrian crossing; ; ;highway;crossing; 
2638766;9/16/2021;1746784;1229815;9/16/2021;210660,800099999;200422,160100002;F49; ;Pedestrian crossing; ; ;highway;crossing; 
2624742;8/24/2021;1739030;1226994;9/16/2021;158057,520099998;210323,980099998;F4a; ;Speed limit zone;Choose from: 20, 30, 50, 70; ; ; ; 
2624743;8/24/2021;1739031;1226995;9/16/2021;158054,130099997;210324,820099998;F4a; ;Speed limit zone;Choose from: 20, 30, 50, 70; ; ; ; 
2624907;8/24/2021;1739122;1227039;9/16/2021;149440,250100002;224934,890700001;F4a; ;Speed limit zone;Choose from: 20, 30, 50, 70; ; ; ; 
2629750;9/2/2021;1741909;1227966;9/16/2021;31368,2501000017;197672,280099999;F4a; ;Speed limit zone;Choose from: 20, 30, 50, 70; ; ; ; 
2635531;8/24/2021;1745033;1207247;9/16/2021;102676,028099999;196286,0471;F4a; ;Speed limit zone;Choose from: 20, 30, 50, 70; ; ; ; 
2635710;9/6/2021;1745134;1209450;9/16/2021;103526,467100002;187607,3631;F4a; ;Speed limit zone;Choose from: 20, 30, 50, 70; ; ; ; 
2635718;8/30/2021;1745140;1209632;9/16/2021;104365,867700003;189099,614700001;F4a; ;Speed limit zone;Choose from: 20, 30, 50, 70; ; ; ; 
2635909;8/25/2021;1745252;1214172;9/16/2021;109027,549099997;191247,130100001;F4a; ;Speed limit zone;Choose from: 20, 30, 50, 70; ; ; ; 
2635944;9/6/2021;1745272;1212377;9/16/2021;107386,189099997;191471,283300001;F4a; ;Speed limit zone;Choose from: 20, 30, 50, 70; ; ; ; 
2636812;9/14/2021;1745688;1229404;9/16/2021;222954,000100002;202771,750100002;F4a; ;Speed limit zone;Choose from: 20, 30, 50, 70; ; ; ; 
2636814;9/14/2021;1745690;1229406;9/16/2021;222944,750100002;202771,000100002;F4a; ;Speed limit zone;Choose from: 20, 30, 50, 70; ; ; ; 
2637806;8/24/2021;1746202;1229600;9/16/2021;107486,4023;191377,228500001;F4a; ;Speed limit zone;Choose from: 20, 30, 50, 70; ; ; ; 
2637824;9/6/2021;1746210;1229601;9/16/2021;107386,189099997;191471,283300001;F4a; ;Speed limit zone;Choose from: 20, 30, 50, 70; ; ; ; 
2628621;8/31/2021;1741338;1227680;9/16/2021;31363,5900999978;197670,450100001;F4b; ;End of speed limit zone;If the zone wasn't inside city limits, change zone:traffic and new maxspeed accordingly. The following tags could be applied more intelligently. These 2 only apply when coming out of most zone30.; ;maxspeed;50; 
2635700;8/30/2021;1745128;1209324;9/16/2021;104361,646899998;189090,270300001;F4b; ;End of speed limit zone;If the zone wasn't inside city limits, change zone:traffic and new maxspeed accordingly. The following tags could be applied more intelligently. These 2 only apply when coming out of most zone30.; ;maxspeed;50; 
2635765;9/6/2021;1745167;1208489;9/16/2021;103517,305100001;187620,5931;F4b; ;End of speed limit zone;If the zone wasn't inside city limits, change zone:traffic and new maxspeed accordingly. The following tags could be applied more intelligently. These 2 only apply when coming out of most zone30.; ;maxspeed;50; 
2635928;8/24/2021;1745261;1229241;9/16/2021;109025,145900004;191236,2947;F4b; ;End of speed limit zone;If the zone wasn't inside city limits, change zone:traffic and new maxspeed accordingly. The following tags could be applied more intelligently. These 2 only apply when coming out of most zone30.; ;maxspeed;50; 
2636813;9/14/2021;1745689;1229405;9/16/2021;222947,500100002;202768,625100002;F4b; ;End of speed limit zone;If the zone wasn't inside city limits, change zone:traffic and new maxspeed accordingly. The following tags could be applied more intelligently. These 2 only apply when coming out of most zone30.; ;maxspeed;50; 
2636815;9/14/2021;1745691;1229407;9/16/2021;222942,250100002;202777,625100002;F4b; ;End of speed limit zone;If the zone wasn't inside city limits, change zone:traffic and new maxspeed accordingly. The following tags could be applied more intelligently. These 2 only apply when coming out of most zone30.; ;maxspeed;50; 
2637803;8/24/2021;1746201;1229599;9/16/2021;107454,078900002;191398,818300001;F4b; ;End of speed limit zone;If the zone wasn't inside city limits, change zone:traffic and new maxspeed accordingly. The following tags could be applied more intelligently. These 2 only apply when coming out of most zone30.; ;maxspeed;50; 
2637812;9/6/2021;1746205;1229239;9/16/2021;107371,156499997;191471,500300001;F4b; ;End of speed limit zone;If the zone wasn't inside city limits, change zone:traffic and new maxspeed accordingly. The following tags could be applied more intelligently. These 2 only apply when coming out of most zone30.; ;maxspeed;50; 
2629588;9/1/2021;1741817;1227911;9/16/2021;235300,890699998;204026,2031;F50; ;Bicycle crossing; ; ;bicycle;yes; 
2630014;9/2/2021;1742065;807108;9/16/2021;82580,2391000018;193488,3171;F50; ;Bicycle crossing; ; ;bicycle;yes; 
2630079;9/2/2021;1742131;1228058;9/16/2021;79763,5900999978;194782,070099998;F50; ;Bicycle crossing; ; ;bicycle;yes; 
2630088;9/2/2021;1742146;1228066;9/16/2021;79802,4601000026;194791,8301;F50; ;Bicycle crossing; ; ;bicycle;yes; 
2632703;9/1/2021;1743648;1228638;9/16/2021;235300,890699998;204026,2031;F50; ;Bicycle crossing; ; ;bicycle;yes; 
2628583;8/31/2021;1741314;1227671;9/16/2021;31519,2901000008;197666,7601;F87; ;Speed bump; ;Key:traffic_calming;traffic_calming;bump; 
2628601;8/31/2021;1741324;1227676;9/16/2021;31558,820100002;197669,590100002;F87; ;Speed bump; ;Key:traffic_calming;traffic_calming;bump; 
2628609;8/31/2021;1741329;1227677;9/16/2021;31538,6801000014;197689,340100002;F87; ;Speed bump; ;Key:traffic_calming;traffic_calming;bump; 
2628622;8/31/2021;1741338;1227680;9/16/2021;31363,5900999978;197670,450100001;F87; ;Speed bump; ;Key:traffic_calming;traffic_calming;bump; 
2629753;9/2/2021;1741911;1227967;9/16/2021;31376,570100002;197676,780099999;F87; ;Speed bump; ;Key:traffic_calming;traffic_calming;bump; 
2638442;9/15/2021;1746568;1229720;9/16/2021;51409,5375000015;191979,7313;F87; ;Speed bump; ;Key:traffic_calming;traffic_calming;bump; 
2622163;8/19/2021;1737475;1226426;9/16/2021;250423,125100002;161017,125100002;F99c; ;Access only for pedestrians, cyclists, horses and agricultural; ; ;agricultural;yes; 
2637294;9/15/2021;1745955;1229507;9/16/2021;156851,540100001;229886,460099999;F99c; ;Access only for pedestrians, cyclists, horses and agricultural; ; ;agricultural;yes; 
2635607;9/1/2021;1745074;1229152;9/16/2021;104806,225500003;196497,0035;M1; ;Only for bicycles;Check access and BICYCLE PARKING tags!!!Placed under sign B1, B5 or E9a when that sign only applies to bicycles.; ;amenity;bicycle_parking; 
2630407;9/2/2021;1742380;1228161;9/16/2021;79041,5600999966;196189,590100002;M4; ;Not oneway for bicycles;Check ONEWAY tags and way direction!!! Placed under sign F19: when cyclists are allowed to ride in both directions on a one-way road; ;oneway:bicycle;no; 
2637792;8/24/2021;1746196;1212939;9/16/2021;107421,463699996;191509,5645;M4; ;Not oneway for bicycles;Check ONEWAY tags and way direction!!! Placed under sign F19: when cyclists are allowed to ride in both directions on a one-way road; ;oneway:bicycle;no; 
2637924;9/16/2021;1746269;1229619;9/16/2021;77013,9900999963;174285,820099998;M4; ;Not oneway for bicycles;Check ONEWAY tags and way direction!!! Placed under sign F19: when cyclists are allowed to ride in both directions on a one-way road; ;oneway:bicycle;no; 
2638022;9/16/2021;1746335;1229658;9/16/2021;77061,7000999972;174247,480099998;M4; ;Not oneway for bicycles;Check ONEWAY tags and way direction!!! Placed under sign F19: when cyclists are allowed to ride in both directions on a one-way road; ;oneway:bicycle;no; 
2638031;9/16/2021;1746339;1229661;9/16/2021;77007,7300999984;174173,620099999;M4; ;Not oneway for bicycles;Check ONEWAY tags and way direction!!! Placed under sign F19: when cyclists are allowed to ride in both directions on a one-way road; ;oneway:bicycle;no; 
2600759;9/1/2021;1724808;1222668;9/16/2021;30749,3751000017;200536,375100002;M5; ;Not oneway for bicycles and mofas;Check ONEWAY tags!!! Placed under sign F19 when cyclists and mopeds class A are allowed to ride in both directions on a one-way road.; ;oneway:mofa;no; 
2626455;8/26/2021;1740005;1227346;9/16/2021;173908,625100002;182582,906300001;M5; ;Not oneway for bicycles and mofas;Check ONEWAY tags!!! Placed under sign F19 when cyclists and mopeds class A are allowed to ride in both directions on a one-way road.; ;oneway:mofa;no; 
2627116;8/29/2021;1740382;1227469;9/16/2021;176752,271899998;181922,210299999;M5; ;Not oneway for bicycles and mofas;Check ONEWAY tags!!! Placed under sign F19 when cyclists and mopeds class A are allowed to ride in both directions on a one-way road.; ;oneway:mofa;no; 
2627125;8/29/2021;1740386;1227471;9/16/2021;175975,146899998;183732,335299999;M5; ;Not oneway for bicycles and mofas;Check ONEWAY tags!!! Placed under sign F19 when cyclists and mopeds class A are allowed to ride in both directions on a one-way road.; ;oneway:mofa;no; 
2627129;8/29/2021;1740388;1227473;9/16/2021;176006,521899998;183848,897700001;M5; ;Not oneway for bicycles and mofas;Check ONEWAY tags!!! Placed under sign F19 when cyclists and mopeds class A are allowed to ride in both directions on a one-way road.; ;oneway:mofa;no; 
2627348;8/30/2021;1740509;1227539;9/16/2021;174845,250100002;182674,968699999;M5; ;Not oneway for bicycles and mofas;Check ONEWAY tags!!! Placed under sign F19 when cyclists and mopeds class A are allowed to ride in both directions on a one-way road.; ;oneway:mofa;no; 
2628436;8/30/2021;1741214;1227646;9/16/2021;176597,781300001;181929,4375;M5; ;Not oneway for bicycles and mofas;Check ONEWAY tags!!! Placed under sign F19 when cyclists and mopeds class A are allowed to ride in both directions on a one-way road.; ;oneway:mofa;no; 
